SpanStartEvent("torchvision.models.resnet.ResNet", 5027911376)
ForwardStartEvent("torchvision.models.resnet.ResNet", [TenserDef((64, 3, 224, 224), torch.float32)], {})
ForwardStartEvent("torch.nn.modules.conv.Conv2d", [TenserDef((64, 3, 224, 224), torch.float32)], {'weight': TenserDef((64, 3, 7, 7), torch.float32)})
ForwardEndEvent("torch.nn.modules.conv.Conv2d", [TenserDef((64, 64, 112, 112), torch.float32)], {'weight': TenserDef((64, 3, 7, 7), torch.float32)})
ForwardStartEvent("torch.nn.modules.batchnorm.BatchNorm2d", [TenserDef((64, 64, 112, 112), torch.float32)], {'weight': TenserDef((64,), torch.float32), 'bias': TenserDef((64,), torch.float32)})
ForwardEndEvent("torch.nn.modules.batchnorm.BatchNorm2d", [TenserDef((64, 64, 112, 112), torch.float32)], {'weight': TenserDef((64,), torch.float32), 'bias': TenserDef((64,), torch.float32)})
ForwardStartEvent("torch.nn.modules.activation.ReLU", [TenserDef((64, 64, 112, 112), torch.float32)], {})
ForwardEndEvent("torch.nn.modules.activation.ReLU", [TenserDef((64, 64, 112, 112), torch.float32)], {})
ForwardStartEvent("torch.nn.modules.pooling.MaxPool2d", [TenserDef((64, 64, 112, 112), torch.float32)], {})
ForwardEndEvent("torch.nn.modules.pooling.MaxPool2d", [TenserDef((64, 64, 56, 56), torch.float32)], {})
SpanStartEvent("torch.nn.modules.container.Sequential", 5028246096)
ForwardStartEvent("torch.nn.modules.container.Sequential", [TenserDef((64, 64, 56, 56), torch.float32)], {})
SpanStartEvent("torchvision.models.resnet.BasicBlock", 5028246576)
ForwardStartEvent("torchvision.models.resnet.BasicBlock", [TenserDef((64, 64, 56, 56), torch.float32)], {})
ForwardStartEvent("torch.nn.modules.conv.Conv2d", [TenserDef((64, 64, 56, 56), torch.float32)], {'weight': TenserDef((64, 64, 3, 3), torch.float32)})
ForwardEndEvent("torch.nn.modules.conv.Conv2d", [TenserDef((64, 64, 56, 56), torch.float32)], {'weight': TenserDef((64, 64, 3, 3), torch.float32)})
ForwardStartEvent("torch.nn.modules.batchnorm.BatchNorm2d", [TenserDef((64, 64, 56, 56), torch.float32)], {'weight': TenserDef((64,), torch.float32), 'bias': TenserDef((64,), torch.float32)})
ForwardEndEvent("torch.nn.modules.batchnorm.BatchNorm2d", [TenserDef((64, 64, 56, 56), torch.float32)], {'weight': TenserDef((64,), torch.float32), 'bias': TenserDef((64,), torch.float32)})
ForwardStartEvent("torch.nn.modules.activation.ReLU", [TenserDef((64, 64, 56, 56), torch.float32)], {})
ForwardEndEvent("torch.nn.modules.activation.ReLU", [TenserDef((64, 64, 56, 56), torch.float32)], {})
ForwardStartEvent("torch.nn.modules.conv.Conv2d", [TenserDef((64, 64, 56, 56), torch.float32)], {'weight': TenserDef((64, 64, 3, 3), torch.float32)})
ForwardEndEvent("torch.nn.modules.conv.Conv2d", [TenserDef((64, 64, 56, 56), torch.float32)], {'weight': TenserDef((64, 64, 3, 3), torch.float32)})
ForwardStartEvent("torch.nn.modules.batchnorm.BatchNorm2d", [TenserDef((64, 64, 56, 56), torch.float32)], {'weight': TenserDef((64,), torch.float32), 'bias': TenserDef((64,), torch.float32)})
ForwardEndEvent("torch.nn.modules.batchnorm.BatchNorm2d", [TenserDef((64, 64, 56, 56), torch.float32)], {'weight': TenserDef((64,), torch.float32), 'bias': TenserDef((64,), torch.float32)})
ForwardStartEvent("torch.nn.modules.activation.ReLU", [TenserDef((64, 64, 56, 56), torch.float32)], {})
ForwardEndEvent("torch.nn.modules.activation.ReLU", [TenserDef((64, 64, 56, 56), torch.float32)], {})
ForwardEndEvent("torchvision.models.resnet.BasicBlock", [TenserDef((64, 64, 56, 56), torch.float32)], {})
SpanEndEvent("torchvision.models.resnet.BasicBlock", 5028246576, 28.842374999999997)
SpanStartEvent("torchvision.models.resnet.BasicBlock", 5028246480)
ForwardStartEvent("torchvision.models.resnet.BasicBlock", [TenserDef((64, 64, 56, 56), torch.float32)], {})
ForwardStartEvent("torch.nn.modules.conv.Conv2d", [TenserDef((64, 64, 56, 56), torch.float32)], {'weight': TenserDef((64, 64, 3, 3), torch.float32)})
ForwardEndEvent("torch.nn.modules.conv.Conv2d", [TenserDef((64, 64, 56, 56), torch.float32)], {'weight': TenserDef((64, 64, 3, 3), torch.float32)})
ForwardStartEvent("torch.nn.modules.batchnorm.BatchNorm2d", [TenserDef((64, 64, 56, 56), torch.float32)], {'weight': TenserDef((64,), torch.float32), 'bias': TenserDef((64,), torch.float32)})
ForwardEndEvent("torch.nn.modules.batchnorm.BatchNorm2d", [TenserDef((64, 64, 56, 56), torch.float32)], {'weight': TenserDef((64,), torch.float32), 'bias': TenserDef((64,), torch.float32)})
ForwardStartEvent("torch.nn.modules.activation.ReLU", [TenserDef((64, 64, 56, 56), torch.float32)], {})
ForwardEndEvent("torch.nn.modules.activation.ReLU", [TenserDef((64, 64, 56, 56), torch.float32)], {})
ForwardStartEvent("torch.nn.modules.conv.Conv2d", [TenserDef((64, 64, 56, 56), torch.float32)], {'weight': TenserDef((64, 64, 3, 3), torch.float32)})
ForwardEndEvent("torch.nn.modules.conv.Conv2d", [TenserDef((64, 64, 56, 56), torch.float32)], {'weight': TenserDef((64, 64, 3, 3), torch.float32)})
ForwardStartEvent("torch.nn.modules.batchnorm.BatchNorm2d", [TenserDef((64, 64, 56, 56), torch.float32)], {'weight': TenserDef((64,), torch.float32), 'bias': TenserDef((64,), torch.float32)})
ForwardEndEvent("torch.nn.modules.batchnorm.BatchNorm2d", [TenserDef((64, 64, 56, 56), torch.float32)], {'weight': TenserDef((64,), torch.float32), 'bias': TenserDef((64,), torch.float32)})
ForwardStartEvent("torch.nn.modules.activation.ReLU", [TenserDef((64, 64, 56, 56), torch.float32)], {})
ForwardEndEvent("torch.nn.modules.activation.ReLU", [TenserDef((64, 64, 56, 56), torch.float32)], {})
ForwardEndEvent("torchvision.models.resnet.BasicBlock", [TenserDef((64, 64, 56, 56), torch.float32)], {})
SpanEndEvent("torchvision.models.resnet.BasicBlock", 5028246480, 28.187375)
ForwardEndEvent("torch.nn.modules.container.Sequential", [TenserDef((64, 64, 56, 56), torch.float32)], {})
SpanEndEvent("torch.nn.modules.container.Sequential", 5028246096, 57.502958)
SpanStartEvent("torch.nn.modules.container.Sequential", 5028179104)
ForwardStartEvent("torch.nn.modules.container.Sequential", [TenserDef((64, 64, 56, 56), torch.float32)], {})
SpanStartEvent("torchvision.models.resnet.BasicBlock", 5028245568)
ForwardStartEvent("torchvision.models.resnet.BasicBlock", [TenserDef((64, 64, 56, 56), torch.float32)], {})
ForwardStartEvent("torch.nn.modules.conv.Conv2d", [TenserDef((64, 64, 56, 56), torch.float32)], {'weight': TenserDef((128, 64, 3, 3), torch.float32)})
ForwardEndEvent("torch.nn.modules.conv.Conv2d", [TenserDef((64, 128, 28, 28), torch.float32)], {'weight': TenserDef((128, 64, 3, 3), torch.float32)})
ForwardStartEvent("torch.nn.modules.batchnorm.BatchNorm2d", [TenserDef((64, 128, 28, 28), torch.float32)], {'weight': TenserDef((128,), torch.float32), 'bias': TenserDef((128,), torch.float32)})
ForwardEndEvent("torch.nn.modules.batchnorm.BatchNorm2d", [TenserDef((64, 128, 28, 28), torch.float32)], {'weight': TenserDef((128,), torch.float32), 'bias': TenserDef((128,), torch.float32)})
ForwardStartEvent("torch.nn.modules.activation.ReLU", [TenserDef((64, 128, 28, 28), torch.float32)], {})
ForwardEndEvent("torch.nn.modules.activation.ReLU", [TenserDef((64, 128, 28, 28), torch.float32)], {})
ForwardStartEvent("torch.nn.modules.conv.Conv2d", [TenserDef((64, 128, 28, 28), torch.float32)], {'weight': TenserDef((128, 128, 3, 3), torch.float32)})
ForwardEndEvent("torch.nn.modules.conv.Conv2d", [TenserDef((64, 128, 28, 28), torch.float32)], {'weight': TenserDef((128, 128, 3, 3), torch.float32)})
ForwardStartEvent("torch.nn.modules.batchnorm.BatchNorm2d", [TenserDef((64, 128, 28, 28), torch.float32)], {'weight': TenserDef((128,), torch.float32), 'bias': TenserDef((128,), torch.float32)})
ForwardEndEvent("torch.nn.modules.batchnorm.BatchNorm2d", [TenserDef((64, 128, 28, 28), torch.float32)], {'weight': TenserDef((128,), torch.float32), 'bias': TenserDef((128,), torch.float32)})
SpanStartEvent("torch.nn.modules.container.Sequential", 5028245952)
ForwardStartEvent("torch.nn.modules.container.Sequential", [TenserDef((64, 64, 56, 56), torch.float32)], {})
ForwardStartEvent("torch.nn.modules.conv.Conv2d", [TenserDef((64, 64, 56, 56), torch.float32)], {'weight': TenserDef((128, 64, 1, 1), torch.float32)})
ForwardEndEvent("torch.nn.modules.conv.Conv2d", [TenserDef((64, 128, 28, 28), torch.float32)], {'weight': TenserDef((128, 64, 1, 1), torch.float32)})
ForwardStartEvent("torch.nn.modules.batchnorm.BatchNorm2d", [TenserDef((64, 128, 28, 28), torch.float32)], {'weight': TenserDef((128,), torch.float32), 'bias': TenserDef((128,), torch.float32)})
ForwardEndEvent("torch.nn.modules.batchnorm.BatchNorm2d", [TenserDef((64, 128, 28, 28), torch.float32)], {'weight': TenserDef((128,), torch.float32), 'bias': TenserDef((128,), torch.float32)})
ForwardEndEvent("torch.nn.modules.container.Sequential", [TenserDef((64, 128, 28, 28), torch.float32)], {})
SpanEndEvent("torch.nn.modules.container.Sequential", 5028245952, 3.791042)
ForwardStartEvent("torch.nn.modules.activation.ReLU", [TenserDef((64, 128, 28, 28), torch.float32)], {})
ForwardEndEvent("torch.nn.modules.activation.ReLU", [TenserDef((64, 128, 28, 28), torch.float32)], {})
ForwardEndEvent("torchvision.models.resnet.BasicBlock", [TenserDef((64, 128, 28, 28), torch.float32)], {})
SpanEndEvent("torchvision.models.resnet.BasicBlock", 5028245568, 23.053082999999997)
SpanStartEvent("torchvision.models.resnet.BasicBlock", 5028179248)
ForwardStartEvent("torchvision.models.resnet.BasicBlock", [TenserDef((64, 128, 28, 28), torch.float32)], {})
ForwardStartEvent("torch.nn.modules.conv.Conv2d", [TenserDef((64, 128, 28, 28), torch.float32)], {'weight': TenserDef((128, 128, 3, 3), torch.float32)})
ForwardEndEvent("torch.nn.modules.conv.Conv2d", [TenserDef((64, 128, 28, 28), torch.float32)], {'weight': TenserDef((128, 128, 3, 3), torch.float32)})
ForwardStartEvent("torch.nn.modules.batchnorm.BatchNorm2d", [TenserDef((64, 128, 28, 28), torch.float32)], {'weight': TenserDef((128,), torch.float32), 'bias': TenserDef((128,), torch.float32)})
ForwardEndEvent("torch.nn.modules.batchnorm.BatchNorm2d", [TenserDef((64, 128, 28, 28), torch.float32)], {'weight': TenserDef((128,), torch.float32), 'bias': TenserDef((128,), torch.float32)})
ForwardStartEvent("torch.nn.modules.activation.ReLU", [TenserDef((64, 128, 28, 28), torch.float32)], {})
ForwardEndEvent("torch.nn.modules.activation.ReLU", [TenserDef((64, 128, 28, 28), torch.float32)], {})
ForwardStartEvent("torch.nn.modules.conv.Conv2d", [TenserDef((64, 128, 28, 28), torch.float32)], {'weight': TenserDef((128, 128, 3, 3), torch.float32)})
ForwardEndEvent("torch.nn.modules.conv.Conv2d", [TenserDef((64, 128, 28, 28), torch.float32)], {'weight': TenserDef((128, 128, 3, 3), torch.float32)})
ForwardStartEvent("torch.nn.modules.batchnorm.BatchNorm2d", [TenserDef((64, 128, 28, 28), torch.float32)], {'weight': TenserDef((128,), torch.float32), 'bias': TenserDef((128,), torch.float32)})
ForwardEndEvent("torch.nn.modules.batchnorm.BatchNorm2d", [TenserDef((64, 128, 28, 28), torch.float32)], {'weight': TenserDef((128,), torch.float32), 'bias': TenserDef((128,), torch.float32)})
ForwardStartEvent("torch.nn.modules.activation.ReLU", [TenserDef((64, 128, 28, 28), torch.float32)], {})
ForwardEndEvent("torch.nn.modules.activation.ReLU", [TenserDef((64, 128, 28, 28), torch.float32)], {})
ForwardEndEvent("torchvision.models.resnet.BasicBlock", [TenserDef((64, 128, 28, 28), torch.float32)], {})
SpanEndEvent("torchvision.models.resnet.BasicBlock", 5028179248, 219.06029099999998)
ForwardEndEvent("torch.nn.modules.container.Sequential", [TenserDef((64, 128, 28, 28), torch.float32)], {})
SpanEndEvent("torch.nn.modules.container.Sequential", 5028179104, 242.14191699999998)
SpanStartEvent("torch.nn.modules.container.Sequential", 5028247296)
ForwardStartEvent("torch.nn.modules.container.Sequential", [TenserDef((64, 128, 28, 28), torch.float32)], {})
SpanStartEvent("torchvision.models.resnet.BasicBlock", 5028179920)
ForwardStartEvent("torchvision.models.resnet.BasicBlock", [TenserDef((64, 128, 28, 28), torch.float32)], {})
ForwardStartEvent("torch.nn.modules.conv.Conv2d", [TenserDef((64, 128, 28, 28), torch.float32)], {'weight': TenserDef((256, 128, 3, 3), torch.float32)})
ForwardEndEvent("torch.nn.modules.conv.Conv2d", [TenserDef((64, 256, 14, 14), torch.float32)], {'weight': TenserDef((256, 128, 3, 3), torch.float32)})
ForwardStartEvent("torch.nn.modules.batchnorm.BatchNorm2d", [TenserDef((64, 256, 14, 14), torch.float32)], {'weight': TenserDef((256,), torch.float32), 'bias': TenserDef((256,), torch.float32)})
ForwardEndEvent("torch.nn.modules.batchnorm.BatchNorm2d", [TenserDef((64, 256, 14, 14), torch.float32)], {'weight': TenserDef((256,), torch.float32), 'bias': TenserDef((256,), torch.float32)})
ForwardStartEvent("torch.nn.modules.activation.ReLU", [TenserDef((64, 256, 14, 14), torch.float32)], {})
ForwardEndEvent("torch.nn.modules.activation.ReLU", [TenserDef((64, 256, 14, 14), torch.float32)], {})
ForwardStartEvent("torch.nn.modules.conv.Conv2d", [TenserDef((64, 256, 14, 14), torch.float32)], {'weight': TenserDef((256, 256, 3, 3), torch.float32)})
ForwardEndEvent("torch.nn.modules.conv.Conv2d", [TenserDef((64, 256, 14, 14), torch.float32)], {'weight': TenserDef((256, 256, 3, 3), torch.float32)})
ForwardStartEvent("torch.nn.modules.batchnorm.BatchNorm2d", [TenserDef((64, 256, 14, 14), torch.float32)], {'weight': TenserDef((256,), torch.float32), 'bias': TenserDef((256,), torch.float32)})
ForwardEndEvent("torch.nn.modules.batchnorm.BatchNorm2d", [TenserDef((64, 256, 14, 14), torch.float32)], {'weight': TenserDef((256,), torch.float32), 'bias': TenserDef((256,), torch.float32)})
SpanStartEvent("torch.nn.modules.container.Sequential", 5028179872)
ForwardStartEvent("torch.nn.modules.container.Sequential", [TenserDef((64, 128, 28, 28), torch.float32)], {})
ForwardStartEvent("torch.nn.modules.conv.Conv2d", [TenserDef((64, 128, 28, 28), torch.float32)], {'weight': TenserDef((256, 128, 1, 1), torch.float32)})
ForwardEndEvent("torch.nn.modules.conv.Conv2d", [TenserDef((64, 256, 14, 14), torch.float32)], {'weight': TenserDef((256, 128, 1, 1), torch.float32)})
ForwardStartEvent("torch.nn.modules.batchnorm.BatchNorm2d", [TenserDef((64, 256, 14, 14), torch.float32)], {'weight': TenserDef((256,), torch.float32), 'bias': TenserDef((256,), torch.float32)})
ForwardEndEvent("torch.nn.modules.batchnorm.BatchNorm2d", [TenserDef((64, 256, 14, 14), torch.float32)], {'weight': TenserDef((256,), torch.float32), 'bias': TenserDef((256,), torch.float32)})
ForwardEndEvent("torch.nn.modules.container.Sequential", [TenserDef((64, 256, 14, 14), torch.float32)], {})
SpanEndEvent("torch.nn.modules.container.Sequential", 5028179872, 34.136458)
ForwardStartEvent("torch.nn.modules.activation.ReLU", [TenserDef((64, 256, 14, 14), torch.float32)], {})
ForwardEndEvent("torch.nn.modules.activation.ReLU", [TenserDef((64, 256, 14, 14), torch.float32)], {})
ForwardEndEvent("torchvision.models.resnet.BasicBlock", [TenserDef((64, 256, 14, 14), torch.float32)], {})
SpanEndEvent("torchvision.models.resnet.BasicBlock", 5028179920, 68.696708)
SpanStartEvent("torchvision.models.resnet.BasicBlock", 5028246432)
ForwardStartEvent("torchvision.models.resnet.BasicBlock", [TenserDef((64, 256, 14, 14), torch.float32)], {})
ForwardStartEvent("torch.nn.modules.conv.Conv2d", [TenserDef((64, 256, 14, 14), torch.float32)], {'weight': TenserDef((256, 256, 3, 3), torch.float32)})
ForwardEndEvent("torch.nn.modules.conv.Conv2d", [TenserDef((64, 256, 14, 14), torch.float32)], {'weight': TenserDef((256, 256, 3, 3), torch.float32)})
ForwardStartEvent("torch.nn.modules.batchnorm.BatchNorm2d", [TenserDef((64, 256, 14, 14), torch.float32)], {'weight': TenserDef((256,), torch.float32), 'bias': TenserDef((256,), torch.float32)})
ForwardEndEvent("torch.nn.modules.batchnorm.BatchNorm2d", [TenserDef((64, 256, 14, 14), torch.float32)], {'weight': TenserDef((256,), torch.float32), 'bias': TenserDef((256,), torch.float32)})
ForwardStartEvent("torch.nn.modules.activation.ReLU", [TenserDef((64, 256, 14, 14), torch.float32)], {})
ForwardEndEvent("torch.nn.modules.activation.ReLU", [TenserDef((64, 256, 14, 14), torch.float32)], {})
ForwardStartEvent("torch.nn.modules.conv.Conv2d", [TenserDef((64, 256, 14, 14), torch.float32)], {'weight': TenserDef((256, 256, 3, 3), torch.float32)})
ForwardEndEvent("torch.nn.modules.conv.Conv2d", [TenserDef((64, 256, 14, 14), torch.float32)], {'weight': TenserDef((256, 256, 3, 3), torch.float32)})
ForwardStartEvent("torch.nn.modules.batchnorm.BatchNorm2d", [TenserDef((64, 256, 14, 14), torch.float32)], {'weight': TenserDef((256,), torch.float32), 'bias': TenserDef((256,), torch.float32)})
ForwardEndEvent("torch.nn.modules.batchnorm.BatchNorm2d", [TenserDef((64, 256, 14, 14), torch.float32)], {'weight': TenserDef((256,), torch.float32), 'bias': TenserDef((256,), torch.float32)})
ForwardStartEvent("torch.nn.modules.activation.ReLU", [TenserDef((64, 256, 14, 14), torch.float32)], {})
ForwardEndEvent("torch.nn.modules.activation.ReLU", [TenserDef((64, 256, 14, 14), torch.float32)], {})
ForwardEndEvent("torchvision.models.resnet.BasicBlock", [TenserDef((64, 256, 14, 14), torch.float32)], {})
SpanEndEvent("torchvision.models.resnet.BasicBlock", 5028246432, 19.918709)
ForwardEndEvent("torch.nn.modules.container.Sequential", [TenserDef((64, 256, 14, 14), torch.float32)], {})
SpanEndEvent("torch.nn.modules.container.Sequential", 5028247296, 94.24249999999999)
SpanStartEvent("torch.nn.modules.container.Sequential", 5028248064)
ForwardStartEvent("torch.nn.modules.container.Sequential", [TenserDef((64, 256, 14, 14), torch.float32)], {})
SpanStartEvent("torchvision.models.resnet.BasicBlock", 5028247728)
ForwardStartEvent("torchvision.models.resnet.BasicBlock", [TenserDef((64, 256, 14, 14), torch.float32)], {})
ForwardStartEvent("torch.nn.modules.conv.Conv2d", [TenserDef((64, 256, 14, 14), torch.float32)], {'weight': TenserDef((512, 256, 3, 3), torch.float32)})
ForwardEndEvent("torch.nn.modules.conv.Conv2d", [TenserDef((64, 512, 7, 7), torch.float32)], {'weight': TenserDef((512, 256, 3, 3), torch.float32)})
ForwardStartEvent("torch.nn.modules.batchnorm.BatchNorm2d", [TenserDef((64, 512, 7, 7), torch.float32)], {'weight': TenserDef((512,), torch.float32), 'bias': TenserDef((512,), torch.float32)})
ForwardEndEvent("torch.nn.modules.batchnorm.BatchNorm2d", [TenserDef((64, 512, 7, 7), torch.float32)], {'weight': TenserDef((512,), torch.float32), 'bias': TenserDef((512,), torch.float32)})
ForwardStartEvent("torch.nn.modules.activation.ReLU", [TenserDef((64, 512, 7, 7), torch.float32)], {})
ForwardEndEvent("torch.nn.modules.activation.ReLU", [TenserDef((64, 512, 7, 7), torch.float32)], {})
ForwardStartEvent("torch.nn.modules.conv.Conv2d", [TenserDef((64, 512, 7, 7), torch.float32)], {'weight': TenserDef((512, 512, 3, 3), torch.float32)})
ForwardEndEvent("torch.nn.modules.conv.Conv2d", [TenserDef((64, 512, 7, 7), torch.float32)], {'weight': TenserDef((512, 512, 3, 3), torch.float32)})
ForwardStartEvent("torch.nn.modules.batchnorm.BatchNorm2d", [TenserDef((64, 512, 7, 7), torch.float32)], {'weight': TenserDef((512,), torch.float32), 'bias': TenserDef((512,), torch.float32)})
ForwardEndEvent("torch.nn.modules.batchnorm.BatchNorm2d", [TenserDef((64, 512, 7, 7), torch.float32)], {'weight': TenserDef((512,), torch.float32), 'bias': TenserDef((512,), torch.float32)})
SpanStartEvent("torch.nn.modules.container.Sequential", 5028247680)
ForwardStartEvent("torch.nn.modules.container.Sequential", [TenserDef((64, 256, 14, 14), torch.float32)], {})
ForwardStartEvent("torch.nn.modules.conv.Conv2d", [TenserDef((64, 256, 14, 14), torch.float32)], {'weight': TenserDef((512, 256, 1, 1), torch.float32)})
ForwardEndEvent("torch.nn.modules.conv.Conv2d", [TenserDef((64, 512, 7, 7), torch.float32)], {'weight': TenserDef((512, 256, 1, 1), torch.float32)})
ForwardStartEvent("torch.nn.modules.batchnorm.BatchNorm2d", [TenserDef((64, 512, 7, 7), torch.float32)], {'weight': TenserDef((512,), torch.float32), 'bias': TenserDef((512,), torch.float32)})
ForwardEndEvent("torch.nn.modules.batchnorm.BatchNorm2d", [TenserDef((64, 512, 7, 7), torch.float32)], {'weight': TenserDef((512,), torch.float32), 'bias': TenserDef((512,), torch.float32)})
ForwardEndEvent("torch.nn.modules.container.Sequential", [TenserDef((64, 512, 7, 7), torch.float32)], {})
SpanEndEvent("torch.nn.modules.container.Sequential", 5028247680, 1.428208)
ForwardStartEvent("torch.nn.modules.activation.ReLU", [TenserDef((64, 512, 7, 7), torch.float32)], {})
ForwardEndEvent("torch.nn.modules.activation.ReLU", [TenserDef((64, 512, 7, 7), torch.float32)], {})
ForwardEndEvent("torchvision.models.resnet.BasicBlock", [TenserDef((64, 512, 7, 7), torch.float32)], {})
SpanEndEvent("torchvision.models.resnet.BasicBlock", 5028247728, 36.665333)
SpanStartEvent("torchvision.models.resnet.BasicBlock", 5028247968)
ForwardStartEvent("torchvision.models.resnet.BasicBlock", [TenserDef((64, 512, 7, 7), torch.float32)], {})
ForwardStartEvent("torch.nn.modules.conv.Conv2d", [TenserDef((64, 512, 7, 7), torch.float32)], {'weight': TenserDef((512, 512, 3, 3), torch.float32)})
ForwardEndEvent("torch.nn.modules.conv.Conv2d", [TenserDef((64, 512, 7, 7), torch.float32)], {'weight': TenserDef((512, 512, 3, 3), torch.float32)})
ForwardStartEvent("torch.nn.modules.batchnorm.BatchNorm2d", [TenserDef((64, 512, 7, 7), torch.float32)], {'weight': TenserDef((512,), torch.float32), 'bias': TenserDef((512,), torch.float32)})
ForwardEndEvent("torch.nn.modules.batchnorm.BatchNorm2d", [TenserDef((64, 512, 7, 7), torch.float32)], {'weight': TenserDef((512,), torch.float32), 'bias': TenserDef((512,), torch.float32)})
ForwardStartEvent("torch.nn.modules.activation.ReLU", [TenserDef((64, 512, 7, 7), torch.float32)], {})
ForwardEndEvent("torch.nn.modules.activation.ReLU", [TenserDef((64, 512, 7, 7), torch.float32)], {})
ForwardStartEvent("torch.nn.modules.conv.Conv2d", [TenserDef((64, 512, 7, 7), torch.float32)], {'weight': TenserDef((512, 512, 3, 3), torch.float32)})
ForwardEndEvent("torch.nn.modules.conv.Conv2d", [TenserDef((64, 512, 7, 7), torch.float32)], {'weight': TenserDef((512, 512, 3, 3), torch.float32)})
ForwardStartEvent("torch.nn.modules.batchnorm.BatchNorm2d", [TenserDef((64, 512, 7, 7), torch.float32)], {'weight': TenserDef((512,), torch.float32), 'bias': TenserDef((512,), torch.float32)})
ForwardEndEvent("torch.nn.modules.batchnorm.BatchNorm2d", [TenserDef((64, 512, 7, 7), torch.float32)], {'weight': TenserDef((512,), torch.float32), 'bias': TenserDef((512,), torch.float32)})
ForwardStartEvent("torch.nn.modules.activation.ReLU", [TenserDef((64, 512, 7, 7), torch.float32)], {})
ForwardEndEvent("torch.nn.modules.activation.ReLU", [TenserDef((64, 512, 7, 7), torch.float32)], {})
ForwardEndEvent("torchvision.models.resnet.BasicBlock", [TenserDef((64, 512, 7, 7), torch.float32)], {})
SpanEndEvent("torchvision.models.resnet.BasicBlock", 5028247968, 18.751334)
ForwardEndEvent("torch.nn.modules.container.Sequential", [TenserDef((64, 512, 7, 7), torch.float32)], {})
SpanEndEvent("torch.nn.modules.container.Sequential", 5028248064, 55.476459)
ForwardStartEvent("torch.nn.modules.pooling.AdaptiveAvgPool2d", [TenserDef((64, 512, 7, 7), torch.float32)], {})
ForwardEndEvent("torch.nn.modules.pooling.AdaptiveAvgPool2d", [TenserDef((64, 512, 1, 1), torch.float32)], {})
ForwardStartEvent("torch.nn.modules.linear.Linear", [TenserDef((64, 512), torch.float32)], {'weight': TenserDef((1000, 512), torch.float32), 'bias': TenserDef((1000,), torch.float32)})
ForwardEndEvent("torch.nn.modules.linear.Linear", [TenserDef((64, 1000), torch.float32)], {'weight': TenserDef((1000, 512), torch.float32), 'bias': TenserDef((1000,), torch.float32)})
ForwardEndEvent("torchvision.models.resnet.ResNet", [TenserDef((64, 1000), torch.float32)], {})
SpanEndEvent("torchvision.models.resnet.ResNet", 5027911376, 550.916625)
SpanStartEvent("torchvision.models.resnet.ResNet", 5027911376)
BackwardStartEvent("torchvision.models.resnet.ResNet", [TenserDef((64, 1000), torch.float32)], {})
BackwardEndEvent("torchvision.models.resnet.ResNet", [TenserDef((64, 1000), torch.float32)], {})
SpanEndEvent("torchvision.models.resnet.ResNet", 5027911376, 0.0065829999999999994)
SpanStartEvent("torchvision.models.resnet.BasicBlock", 5028247968)
BackwardStartEvent("torchvision.models.resnet.BasicBlock", [TenserDef((64, 512, 7, 7), torch.float32)], {})
BackwardEndEvent("torchvision.models.resnet.BasicBlock", [TenserDef((64, 512, 7, 7), torch.float32)], {})
SpanEndEvent("torchvision.models.resnet.BasicBlock", 5028247968, 93.757291)
SpanStartEvent("torchvision.models.resnet.BasicBlock", 5028247728)
BackwardStartEvent("torchvision.models.resnet.BasicBlock", [TenserDef((64, 512, 7, 7), torch.float32)], {})
BackwardEndEvent("torchvision.models.resnet.BasicBlock", [TenserDef((64, 512, 7, 7), torch.float32)], {})
SpanEndEvent("torchvision.models.resnet.BasicBlock", 5028247728, 68.164833)
SpanStartEvent("torchvision.models.resnet.BasicBlock", 5028246432)
BackwardStartEvent("torchvision.models.resnet.BasicBlock", [TenserDef((64, 256, 14, 14), torch.float32)], {})
BackwardEndEvent("torchvision.models.resnet.BasicBlock", [TenserDef((64, 256, 14, 14), torch.float32)], {})
SpanEndEvent("torchvision.models.resnet.BasicBlock", 5028246432, 56.446416)
SpanStartEvent("torchvision.models.resnet.BasicBlock", 5028179920)
BackwardStartEvent("torchvision.models.resnet.BasicBlock", [TenserDef((64, 256, 14, 14), torch.float32)], {})
BackwardEndEvent("torchvision.models.resnet.BasicBlock", [TenserDef((64, 256, 14, 14), torch.float32)], {})
SpanEndEvent("torchvision.models.resnet.BasicBlock", 5028179920, 57.542125)
SpanStartEvent("torchvision.models.resnet.BasicBlock", 5028179248)
BackwardStartEvent("torchvision.models.resnet.BasicBlock", [TenserDef((64, 128, 28, 28), torch.float32)], {})
BackwardEndEvent("torchvision.models.resnet.BasicBlock", [TenserDef((64, 128, 28, 28), torch.float32)], {})
SpanEndEvent("torchvision.models.resnet.BasicBlock", 5028179248, 40.999792)
SpanStartEvent("torchvision.models.resnet.BasicBlock", 5028245568)
BackwardStartEvent("torchvision.models.resnet.BasicBlock", [TenserDef((64, 128, 28, 28), torch.float32)], {})
BackwardEndEvent("torchvision.models.resnet.BasicBlock", [TenserDef((64, 128, 28, 28), torch.float32)], {})
SpanEndEvent("torchvision.models.resnet.BasicBlock", 5028245568, 68.212667)
SpanStartEvent("torchvision.models.resnet.BasicBlock", 5028246480)
BackwardStartEvent("torchvision.models.resnet.BasicBlock", [TenserDef((64, 64, 56, 56), torch.float32)], {})
BackwardEndEvent("torchvision.models.resnet.BasicBlock", [TenserDef((64, 64, 56, 56), torch.float32)], {})
SpanEndEvent("torchvision.models.resnet.BasicBlock", 5028246480, 88.011375)
SpanStartEvent("torchvision.models.resnet.BasicBlock", 5028246576)
BackwardStartEvent("torchvision.models.resnet.BasicBlock", [TenserDef((64, 64, 56, 56), torch.float32)], {})
BackwardEndEvent("torchvision.models.resnet.BasicBlock", [TenserDef((64, 64, 56, 56), torch.float32)], {})
SpanEndEvent("torchvision.models.resnet.BasicBlock", 5028246576, 55.491541999999995)
SpanStartEvent("torchvision.models.resnet.ResNet", 5027911376)
ForwardStartEvent("torchvision.models.resnet.ResNet", [TenserDef((64, 3, 224, 224), torch.float32)], {})
ForwardStartEvent("torch.nn.modules.conv.Conv2d", [TenserDef((64, 3, 224, 224), torch.float32)], {'weight': TenserDef((64, 3, 7, 7), torch.float32)})
ForwardEndEvent("torch.nn.modules.conv.Conv2d", [TenserDef((64, 64, 112, 112), torch.float32)], {'weight': TenserDef((64, 3, 7, 7), torch.float32)})
ForwardStartEvent("torch.nn.modules.batchnorm.BatchNorm2d", [TenserDef((64, 64, 112, 112), torch.float32)], {'weight': TenserDef((64,), torch.float32), 'bias': TenserDef((64,), torch.float32)})
ForwardEndEvent("torch.nn.modules.batchnorm.BatchNorm2d", [TenserDef((64, 64, 112, 112), torch.float32)], {'weight': TenserDef((64,), torch.float32), 'bias': TenserDef((64,), torch.float32)})
ForwardStartEvent("torch.nn.modules.activation.ReLU", [TenserDef((64, 64, 112, 112), torch.float32)], {})
ForwardEndEvent("torch.nn.modules.activation.ReLU", [TenserDef((64, 64, 112, 112), torch.float32)], {})
ForwardStartEvent("torch.nn.modules.pooling.MaxPool2d", [TenserDef((64, 64, 112, 112), torch.float32)], {})
ForwardEndEvent("torch.nn.modules.pooling.MaxPool2d", [TenserDef((64, 64, 56, 56), torch.float32)], {})
SpanStartEvent("torch.nn.modules.container.Sequential", 5028246096)
ForwardStartEvent("torch.nn.modules.container.Sequential", [TenserDef((64, 64, 56, 56), torch.float32)], {})
SpanStartEvent("torchvision.models.resnet.BasicBlock", 5028246576)
ForwardStartEvent("torchvision.models.resnet.BasicBlock", [TenserDef((64, 64, 56, 56), torch.float32)], {})
ForwardStartEvent("torch.nn.modules.conv.Conv2d", [TenserDef((64, 64, 56, 56), torch.float32)], {'weight': TenserDef((64, 64, 3, 3), torch.float32)})
ForwardEndEvent("torch.nn.modules.conv.Conv2d", [TenserDef((64, 64, 56, 56), torch.float32)], {'weight': TenserDef((64, 64, 3, 3), torch.float32)})
ForwardStartEvent("torch.nn.modules.batchnorm.BatchNorm2d", [TenserDef((64, 64, 56, 56), torch.float32)], {'weight': TenserDef((64,), torch.float32), 'bias': TenserDef((64,), torch.float32)})
ForwardEndEvent("torch.nn.modules.batchnorm.BatchNorm2d", [TenserDef((64, 64, 56, 56), torch.float32)], {'weight': TenserDef((64,), torch.float32), 'bias': TenserDef((64,), torch.float32)})
ForwardStartEvent("torch.nn.modules.activation.ReLU", [TenserDef((64, 64, 56, 56), torch.float32)], {})
ForwardEndEvent("torch.nn.modules.activation.ReLU", [TenserDef((64, 64, 56, 56), torch.float32)], {})
ForwardStartEvent("torch.nn.modules.conv.Conv2d", [TenserDef((64, 64, 56, 56), torch.float32)], {'weight': TenserDef((64, 64, 3, 3), torch.float32)})
ForwardEndEvent("torch.nn.modules.conv.Conv2d", [TenserDef((64, 64, 56, 56), torch.float32)], {'weight': TenserDef((64, 64, 3, 3), torch.float32)})
ForwardStartEvent("torch.nn.modules.batchnorm.BatchNorm2d", [TenserDef((64, 64, 56, 56), torch.float32)], {'weight': TenserDef((64,), torch.float32), 'bias': TenserDef((64,), torch.float32)})
ForwardEndEvent("torch.nn.modules.batchnorm.BatchNorm2d", [TenserDef((64, 64, 56, 56), torch.float32)], {'weight': TenserDef((64,), torch.float32), 'bias': TenserDef((64,), torch.float32)})
ForwardStartEvent("torch.nn.modules.activation.ReLU", [TenserDef((64, 64, 56, 56), torch.float32)], {})
ForwardEndEvent("torch.nn.modules.activation.ReLU", [TenserDef((64, 64, 56, 56), torch.float32)], {})
ForwardEndEvent("torchvision.models.resnet.BasicBlock", [TenserDef((64, 64, 56, 56), torch.float32)], {})
SpanEndEvent("torchvision.models.resnet.BasicBlock", 5028246576, 25.156)
SpanStartEvent("torchvision.models.resnet.BasicBlock", 5028246480)
ForwardStartEvent("torchvision.models.resnet.BasicBlock", [TenserDef((64, 64, 56, 56), torch.float32)], {})
ForwardStartEvent("torch.nn.modules.conv.Conv2d", [TenserDef((64, 64, 56, 56), torch.float32)], {'weight': TenserDef((64, 64, 3, 3), torch.float32)})
ForwardEndEvent("torch.nn.modules.conv.Conv2d", [TenserDef((64, 64, 56, 56), torch.float32)], {'weight': TenserDef((64, 64, 3, 3), torch.float32)})
ForwardStartEvent("torch.nn.modules.batchnorm.BatchNorm2d", [TenserDef((64, 64, 56, 56), torch.float32)], {'weight': TenserDef((64,), torch.float32), 'bias': TenserDef((64,), torch.float32)})
ForwardEndEvent("torch.nn.modules.batchnorm.BatchNorm2d", [TenserDef((64, 64, 56, 56), torch.float32)], {'weight': TenserDef((64,), torch.float32), 'bias': TenserDef((64,), torch.float32)})
ForwardStartEvent("torch.nn.modules.activation.ReLU", [TenserDef((64, 64, 56, 56), torch.float32)], {})
ForwardEndEvent("torch.nn.modules.activation.ReLU", [TenserDef((64, 64, 56, 56), torch.float32)], {})
ForwardStartEvent("torch.nn.modules.conv.Conv2d", [TenserDef((64, 64, 56, 56), torch.float32)], {'weight': TenserDef((64, 64, 3, 3), torch.float32)})
ForwardEndEvent("torch.nn.modules.conv.Conv2d", [TenserDef((64, 64, 56, 56), torch.float32)], {'weight': TenserDef((64, 64, 3, 3), torch.float32)})
ForwardStartEvent("torch.nn.modules.batchnorm.BatchNorm2d", [TenserDef((64, 64, 56, 56), torch.float32)], {'weight': TenserDef((64,), torch.float32), 'bias': TenserDef((64,), torch.float32)})
ForwardEndEvent("torch.nn.modules.batchnorm.BatchNorm2d", [TenserDef((64, 64, 56, 56), torch.float32)], {'weight': TenserDef((64,), torch.float32), 'bias': TenserDef((64,), torch.float32)})
ForwardStartEvent("torch.nn.modules.activation.ReLU", [TenserDef((64, 64, 56, 56), torch.float32)], {})
ForwardEndEvent("torch.nn.modules.activation.ReLU", [TenserDef((64, 64, 56, 56), torch.float32)], {})
ForwardEndEvent("torchvision.models.resnet.BasicBlock", [TenserDef((64, 64, 56, 56), torch.float32)], {})
SpanEndEvent("torchvision.models.resnet.BasicBlock", 5028246480, 25.213124999999998)
ForwardEndEvent("torch.nn.modules.container.Sequential", [TenserDef((64, 64, 56, 56), torch.float32)], {})
SpanEndEvent("torch.nn.modules.container.Sequential", 5028246096, 50.362083)
SpanStartEvent("torch.nn.modules.container.Sequential", 5028179104)
ForwardStartEvent("torch.nn.modules.container.Sequential", [TenserDef((64, 64, 56, 56), torch.float32)], {})
SpanStartEvent("torchvision.models.resnet.BasicBlock", 5028245568)
ForwardStartEvent("torchvision.models.resnet.BasicBlock", [TenserDef((64, 64, 56, 56), torch.float32)], {})
ForwardStartEvent("torch.nn.modules.conv.Conv2d", [TenserDef((64, 64, 56, 56), torch.float32)], {'weight': TenserDef((128, 64, 3, 3), torch.float32)})
ForwardEndEvent("torch.nn.modules.conv.Conv2d", [TenserDef((64, 128, 28, 28), torch.float32)], {'weight': TenserDef((128, 64, 3, 3), torch.float32)})
ForwardStartEvent("torch.nn.modules.batchnorm.BatchNorm2d", [TenserDef((64, 128, 28, 28), torch.float32)], {'weight': TenserDef((128,), torch.float32), 'bias': TenserDef((128,), torch.float32)})
ForwardEndEvent("torch.nn.modules.batchnorm.BatchNorm2d", [TenserDef((64, 128, 28, 28), torch.float32)], {'weight': TenserDef((128,), torch.float32), 'bias': TenserDef((128,), torch.float32)})
ForwardStartEvent("torch.nn.modules.activation.ReLU", [TenserDef((64, 128, 28, 28), torch.float32)], {})
ForwardEndEvent("torch.nn.modules.activation.ReLU", [TenserDef((64, 128, 28, 28), torch.float32)], {})
ForwardStartEvent("torch.nn.modules.conv.Conv2d", [TenserDef((64, 128, 28, 28), torch.float32)], {'weight': TenserDef((128, 128, 3, 3), torch.float32)})
ForwardEndEvent("torch.nn.modules.conv.Conv2d", [TenserDef((64, 128, 28, 28), torch.float32)], {'weight': TenserDef((128, 128, 3, 3), torch.float32)})
ForwardStartEvent("torch.nn.modules.batchnorm.BatchNorm2d", [TenserDef((64, 128, 28, 28), torch.float32)], {'weight': TenserDef((128,), torch.float32), 'bias': TenserDef((128,), torch.float32)})
ForwardEndEvent("torch.nn.modules.batchnorm.BatchNorm2d", [TenserDef((64, 128, 28, 28), torch.float32)], {'weight': TenserDef((128,), torch.float32), 'bias': TenserDef((128,), torch.float32)})
SpanStartEvent("torch.nn.modules.container.Sequential", 5028245952)
ForwardStartEvent("torch.nn.modules.container.Sequential", [TenserDef((64, 64, 56, 56), torch.float32)], {})
ForwardStartEvent("torch.nn.modules.conv.Conv2d", [TenserDef((64, 64, 56, 56), torch.float32)], {'weight': TenserDef((128, 64, 1, 1), torch.float32)})
ForwardEndEvent("torch.nn.modules.conv.Conv2d", [TenserDef((64, 128, 28, 28), torch.float32)], {'weight': TenserDef((128, 64, 1, 1), torch.float32)})
ForwardStartEvent("torch.nn.modules.batchnorm.BatchNorm2d", [TenserDef((64, 128, 28, 28), torch.float32)], {'weight': TenserDef((128,), torch.float32), 'bias': TenserDef((128,), torch.float32)})
ForwardEndEvent("torch.nn.modules.batchnorm.BatchNorm2d", [TenserDef((64, 128, 28, 28), torch.float32)], {'weight': TenserDef((128,), torch.float32), 'bias': TenserDef((128,), torch.float32)})
ForwardEndEvent("torch.nn.modules.container.Sequential", [TenserDef((64, 128, 28, 28), torch.float32)], {})
SpanEndEvent("torch.nn.modules.container.Sequential", 5028245952, 2.805792)
ForwardStartEvent("torch.nn.modules.activation.ReLU", [TenserDef((64, 128, 28, 28), torch.float32)], {})
ForwardEndEvent("torch.nn.modules.activation.ReLU", [TenserDef((64, 128, 28, 28), torch.float32)], {})
ForwardEndEvent("torchvision.models.resnet.BasicBlock", [TenserDef((64, 128, 28, 28), torch.float32)], {})
SpanEndEvent("torchvision.models.resnet.BasicBlock", 5028245568, 20.112541)
SpanStartEvent("torchvision.models.resnet.BasicBlock", 5028179248)
ForwardStartEvent("torchvision.models.resnet.BasicBlock", [TenserDef((64, 128, 28, 28), torch.float32)], {})
ForwardStartEvent("torch.nn.modules.conv.Conv2d", [TenserDef((64, 128, 28, 28), torch.float32)], {'weight': TenserDef((128, 128, 3, 3), torch.float32)})
ForwardEndEvent("torch.nn.modules.conv.Conv2d", [TenserDef((64, 128, 28, 28), torch.float32)], {'weight': TenserDef((128, 128, 3, 3), torch.float32)})
ForwardStartEvent("torch.nn.modules.batchnorm.BatchNorm2d", [TenserDef((64, 128, 28, 28), torch.float32)], {'weight': TenserDef((128,), torch.float32), 'bias': TenserDef((128,), torch.float32)})
ForwardEndEvent("torch.nn.modules.batchnorm.BatchNorm2d", [TenserDef((64, 128, 28, 28), torch.float32)], {'weight': TenserDef((128,), torch.float32), 'bias': TenserDef((128,), torch.float32)})
ForwardStartEvent("torch.nn.modules.activation.ReLU", [TenserDef((64, 128, 28, 28), torch.float32)], {})
ForwardEndEvent("torch.nn.modules.activation.ReLU", [TenserDef((64, 128, 28, 28), torch.float32)], {})
ForwardStartEvent("torch.nn.modules.conv.Conv2d", [TenserDef((64, 128, 28, 28), torch.float32)], {'weight': TenserDef((128, 128, 3, 3), torch.float32)})
ForwardEndEvent("torch.nn.modules.conv.Conv2d", [TenserDef((64, 128, 28, 28), torch.float32)], {'weight': TenserDef((128, 128, 3, 3), torch.float32)})
ForwardStartEvent("torch.nn.modules.batchnorm.BatchNorm2d", [TenserDef((64, 128, 28, 28), torch.float32)], {'weight': TenserDef((128,), torch.float32), 'bias': TenserDef((128,), torch.float32)})
ForwardEndEvent("torch.nn.modules.batchnorm.BatchNorm2d", [TenserDef((64, 128, 28, 28), torch.float32)], {'weight': TenserDef((128,), torch.float32), 'bias': TenserDef((128,), torch.float32)})
ForwardStartEvent("torch.nn.modules.activation.ReLU", [TenserDef((64, 128, 28, 28), torch.float32)], {})
ForwardEndEvent("torch.nn.modules.activation.ReLU", [TenserDef((64, 128, 28, 28), torch.float32)], {})
ForwardEndEvent("torchvision.models.resnet.BasicBlock", [TenserDef((64, 128, 28, 28), torch.float32)], {})
SpanEndEvent("torchvision.models.resnet.BasicBlock", 5028179248, 18.245874999999998)
ForwardEndEvent("torch.nn.modules.container.Sequential", [TenserDef((64, 128, 28, 28), torch.float32)], {})
SpanEndEvent("torch.nn.modules.container.Sequential", 5028179104, 38.340042)
SpanStartEvent("torch.nn.modules.container.Sequential", 5028247296)
ForwardStartEvent("torch.nn.modules.container.Sequential", [TenserDef((64, 128, 28, 28), torch.float32)], {})
SpanStartEvent("torchvision.models.resnet.BasicBlock", 5028179920)
ForwardStartEvent("torchvision.models.resnet.BasicBlock", [TenserDef((64, 128, 28, 28), torch.float32)], {})
ForwardStartEvent("torch.nn.modules.conv.Conv2d", [TenserDef((64, 128, 28, 28), torch.float32)], {'weight': TenserDef((256, 128, 3, 3), torch.float32)})
ForwardEndEvent("torch.nn.modules.conv.Conv2d", [TenserDef((64, 256, 14, 14), torch.float32)], {'weight': TenserDef((256, 128, 3, 3), torch.float32)})
ForwardStartEvent("torch.nn.modules.batchnorm.BatchNorm2d", [TenserDef((64, 256, 14, 14), torch.float32)], {'weight': TenserDef((256,), torch.float32), 'bias': TenserDef((256,), torch.float32)})
ForwardEndEvent("torch.nn.modules.batchnorm.BatchNorm2d", [TenserDef((64, 256, 14, 14), torch.float32)], {'weight': TenserDef((256,), torch.float32), 'bias': TenserDef((256,), torch.float32)})
ForwardStartEvent("torch.nn.modules.activation.ReLU", [TenserDef((64, 256, 14, 14), torch.float32)], {})
ForwardEndEvent("torch.nn.modules.activation.ReLU", [TenserDef((64, 256, 14, 14), torch.float32)], {})
ForwardStartEvent("torch.nn.modules.conv.Conv2d", [TenserDef((64, 256, 14, 14), torch.float32)], {'weight': TenserDef((256, 256, 3, 3), torch.float32)})
ForwardEndEvent("torch.nn.modules.conv.Conv2d", [TenserDef((64, 256, 14, 14), torch.float32)], {'weight': TenserDef((256, 256, 3, 3), torch.float32)})
ForwardStartEvent("torch.nn.modules.batchnorm.BatchNorm2d", [TenserDef((64, 256, 14, 14), torch.float32)], {'weight': TenserDef((256,), torch.float32), 'bias': TenserDef((256,), torch.float32)})
ForwardEndEvent("torch.nn.modules.batchnorm.BatchNorm2d", [TenserDef((64, 256, 14, 14), torch.float32)], {'weight': TenserDef((256,), torch.float32), 'bias': TenserDef((256,), torch.float32)})
SpanStartEvent("torch.nn.modules.container.Sequential", 5028179872)
ForwardStartEvent("torch.nn.modules.container.Sequential", [TenserDef((64, 128, 28, 28), torch.float32)], {})
ForwardStartEvent("torch.nn.modules.conv.Conv2d", [TenserDef((64, 128, 28, 28), torch.float32)], {'weight': TenserDef((256, 128, 1, 1), torch.float32)})
ForwardEndEvent("torch.nn.modules.conv.Conv2d", [TenserDef((64, 256, 14, 14), torch.float32)], {'weight': TenserDef((256, 128, 1, 1), torch.float32)})
ForwardStartEvent("torch.nn.modules.batchnorm.BatchNorm2d", [TenserDef((64, 256, 14, 14), torch.float32)], {'weight': TenserDef((256,), torch.float32), 'bias': TenserDef((256,), torch.float32)})
ForwardEndEvent("torch.nn.modules.batchnorm.BatchNorm2d", [TenserDef((64, 256, 14, 14), torch.float32)], {'weight': TenserDef((256,), torch.float32), 'bias': TenserDef((256,), torch.float32)})
ForwardEndEvent("torch.nn.modules.container.Sequential", [TenserDef((64, 256, 14, 14), torch.float32)], {})
SpanEndEvent("torch.nn.modules.container.Sequential", 5028179872, 1.7652919999999999)
ForwardStartEvent("torch.nn.modules.activation.ReLU", [TenserDef((64, 256, 14, 14), torch.float32)], {})
ForwardEndEvent("torch.nn.modules.activation.ReLU", [TenserDef((64, 256, 14, 14), torch.float32)], {})
ForwardEndEvent("torchvision.models.resnet.BasicBlock", [TenserDef((64, 256, 14, 14), torch.float32)], {})
SpanEndEvent("torchvision.models.resnet.BasicBlock", 5028179920, 18.466417)
SpanStartEvent("torchvision.models.resnet.BasicBlock", 5028246432)
ForwardStartEvent("torchvision.models.resnet.BasicBlock", [TenserDef((64, 256, 14, 14), torch.float32)], {})
ForwardStartEvent("torch.nn.modules.conv.Conv2d", [TenserDef((64, 256, 14, 14), torch.float32)], {'weight': TenserDef((256, 256, 3, 3), torch.float32)})
ForwardEndEvent("torch.nn.modules.conv.Conv2d", [TenserDef((64, 256, 14, 14), torch.float32)], {'weight': TenserDef((256, 256, 3, 3), torch.float32)})
ForwardStartEvent("torch.nn.modules.batchnorm.BatchNorm2d", [TenserDef((64, 256, 14, 14), torch.float32)], {'weight': TenserDef((256,), torch.float32), 'bias': TenserDef((256,), torch.float32)})
ForwardEndEvent("torch.nn.modules.batchnorm.BatchNorm2d", [TenserDef((64, 256, 14, 14), torch.float32)], {'weight': TenserDef((256,), torch.float32), 'bias': TenserDef((256,), torch.float32)})
ForwardStartEvent("torch.nn.modules.activation.ReLU", [TenserDef((64, 256, 14, 14), torch.float32)], {})
ForwardEndEvent("torch.nn.modules.activation.ReLU", [TenserDef((64, 256, 14, 14), torch.float32)], {})
ForwardStartEvent("torch.nn.modules.conv.Conv2d", [TenserDef((64, 256, 14, 14), torch.float32)], {'weight': TenserDef((256, 256, 3, 3), torch.float32)})
ForwardEndEvent("torch.nn.modules.conv.Conv2d", [TenserDef((64, 256, 14, 14), torch.float32)], {'weight': TenserDef((256, 256, 3, 3), torch.float32)})
ForwardStartEvent("torch.nn.modules.batchnorm.BatchNorm2d", [TenserDef((64, 256, 14, 14), torch.float32)], {'weight': TenserDef((256,), torch.float32), 'bias': TenserDef((256,), torch.float32)})
ForwardEndEvent("torch.nn.modules.batchnorm.BatchNorm2d", [TenserDef((64, 256, 14, 14), torch.float32)], {'weight': TenserDef((256,), torch.float32), 'bias': TenserDef((256,), torch.float32)})
ForwardStartEvent("torch.nn.modules.activation.ReLU", [TenserDef((64, 256, 14, 14), torch.float32)], {})
ForwardEndEvent("torch.nn.modules.activation.ReLU", [TenserDef((64, 256, 14, 14), torch.float32)], {})
ForwardEndEvent("torchvision.models.resnet.BasicBlock", [TenserDef((64, 256, 14, 14), torch.float32)], {})
SpanEndEvent("torchvision.models.resnet.BasicBlock", 5028246432, 16.651332999999997)
ForwardEndEvent("torch.nn.modules.container.Sequential", [TenserDef((64, 256, 14, 14), torch.float32)], {})
SpanEndEvent("torch.nn.modules.container.Sequential", 5028247296, 35.105208999999995)
SpanStartEvent("torch.nn.modules.container.Sequential", 5028248064)
ForwardStartEvent("torch.nn.modules.container.Sequential", [TenserDef((64, 256, 14, 14), torch.float32)], {})
SpanStartEvent("torchvision.models.resnet.BasicBlock", 5028247728)
ForwardStartEvent("torchvision.models.resnet.BasicBlock", [TenserDef((64, 256, 14, 14), torch.float32)], {})
ForwardStartEvent("torch.nn.modules.conv.Conv2d", [TenserDef((64, 256, 14, 14), torch.float32)], {'weight': TenserDef((512, 256, 3, 3), torch.float32)})
ForwardEndEvent("torch.nn.modules.conv.Conv2d", [TenserDef((64, 512, 7, 7), torch.float32)], {'weight': TenserDef((512, 256, 3, 3), torch.float32)})
ForwardStartEvent("torch.nn.modules.batchnorm.BatchNorm2d", [TenserDef((64, 512, 7, 7), torch.float32)], {'weight': TenserDef((512,), torch.float32), 'bias': TenserDef((512,), torch.float32)})
ForwardEndEvent("torch.nn.modules.batchnorm.BatchNorm2d", [TenserDef((64, 512, 7, 7), torch.float32)], {'weight': TenserDef((512,), torch.float32), 'bias': TenserDef((512,), torch.float32)})
ForwardStartEvent("torch.nn.modules.activation.ReLU", [TenserDef((64, 512, 7, 7), torch.float32)], {})
ForwardEndEvent("torch.nn.modules.activation.ReLU", [TenserDef((64, 512, 7, 7), torch.float32)], {})
ForwardStartEvent("torch.nn.modules.conv.Conv2d", [TenserDef((64, 512, 7, 7), torch.float32)], {'weight': TenserDef((512, 512, 3, 3), torch.float32)})
ForwardEndEvent("torch.nn.modules.conv.Conv2d", [TenserDef((64, 512, 7, 7), torch.float32)], {'weight': TenserDef((512, 512, 3, 3), torch.float32)})
ForwardStartEvent("torch.nn.modules.batchnorm.BatchNorm2d", [TenserDef((64, 512, 7, 7), torch.float32)], {'weight': TenserDef((512,), torch.float32), 'bias': TenserDef((512,), torch.float32)})
ForwardEndEvent("torch.nn.modules.batchnorm.BatchNorm2d", [TenserDef((64, 512, 7, 7), torch.float32)], {'weight': TenserDef((512,), torch.float32), 'bias': TenserDef((512,), torch.float32)})
SpanStartEvent("torch.nn.modules.container.Sequential", 5028247680)
ForwardStartEvent("torch.nn.modules.container.Sequential", [TenserDef((64, 256, 14, 14), torch.float32)], {})
ForwardStartEvent("torch.nn.modules.conv.Conv2d", [TenserDef((64, 256, 14, 14), torch.float32)], {'weight': TenserDef((512, 256, 1, 1), torch.float32)})
ForwardEndEvent("torch.nn.modules.conv.Conv2d", [TenserDef((64, 512, 7, 7), torch.float32)], {'weight': TenserDef((512, 256, 1, 1), torch.float32)})
ForwardStartEvent("torch.nn.modules.batchnorm.BatchNorm2d", [TenserDef((64, 512, 7, 7), torch.float32)], {'weight': TenserDef((512,), torch.float32), 'bias': TenserDef((512,), torch.float32)})
ForwardEndEvent("torch.nn.modules.batchnorm.BatchNorm2d", [TenserDef((64, 512, 7, 7), torch.float32)], {'weight': TenserDef((512,), torch.float32), 'bias': TenserDef((512,), torch.float32)})
ForwardEndEvent("torch.nn.modules.container.Sequential", [TenserDef((64, 512, 7, 7), torch.float32)], {})
SpanEndEvent("torch.nn.modules.container.Sequential", 5028247680, 1.298333)
ForwardStartEvent("torch.nn.modules.activation.ReLU", [TenserDef((64, 512, 7, 7), torch.float32)], {})
ForwardEndEvent("torch.nn.modules.activation.ReLU", [TenserDef((64, 512, 7, 7), torch.float32)], {})
ForwardEndEvent("torchvision.models.resnet.BasicBlock", [TenserDef((64, 512, 7, 7), torch.float32)], {})
SpanEndEvent("torchvision.models.resnet.BasicBlock", 5028247728, 19.903958)
SpanStartEvent("torchvision.models.resnet.BasicBlock", 5028247968)
ForwardStartEvent("torchvision.models.resnet.BasicBlock", [TenserDef((64, 512, 7, 7), torch.float32)], {})
ForwardStartEvent("torch.nn.modules.conv.Conv2d", [TenserDef((64, 512, 7, 7), torch.float32)], {'weight': TenserDef((512, 512, 3, 3), torch.float32)})
ForwardEndEvent("torch.nn.modules.conv.Conv2d", [TenserDef((64, 512, 7, 7), torch.float32)], {'weight': TenserDef((512, 512, 3, 3), torch.float32)})
ForwardStartEvent("torch.nn.modules.batchnorm.BatchNorm2d", [TenserDef((64, 512, 7, 7), torch.float32)], {'weight': TenserDef((512,), torch.float32), 'bias': TenserDef((512,), torch.float32)})
ForwardEndEvent("torch.nn.modules.batchnorm.BatchNorm2d", [TenserDef((64, 512, 7, 7), torch.float32)], {'weight': TenserDef((512,), torch.float32), 'bias': TenserDef((512,), torch.float32)})
ForwardStartEvent("torch.nn.modules.activation.ReLU", [TenserDef((64, 512, 7, 7), torch.float32)], {})
ForwardEndEvent("torch.nn.modules.activation.ReLU", [TenserDef((64, 512, 7, 7), torch.float32)], {})
ForwardStartEvent("torch.nn.modules.conv.Conv2d", [TenserDef((64, 512, 7, 7), torch.float32)], {'weight': TenserDef((512, 512, 3, 3), torch.float32)})
ForwardEndEvent("torch.nn.modules.conv.Conv2d", [TenserDef((64, 512, 7, 7), torch.float32)], {'weight': TenserDef((512, 512, 3, 3), torch.float32)})
ForwardStartEvent("torch.nn.modules.batchnorm.BatchNorm2d", [TenserDef((64, 512, 7, 7), torch.float32)], {'weight': TenserDef((512,), torch.float32), 'bias': TenserDef((512,), torch.float32)})
ForwardEndEvent("torch.nn.modules.batchnorm.BatchNorm2d", [TenserDef((64, 512, 7, 7), torch.float32)], {'weight': TenserDef((512,), torch.float32), 'bias': TenserDef((512,), torch.float32)})
ForwardStartEvent("torch.nn.modules.activation.ReLU", [TenserDef((64, 512, 7, 7), torch.float32)], {})
ForwardEndEvent("torch.nn.modules.activation.ReLU", [TenserDef((64, 512, 7, 7), torch.float32)], {})
ForwardEndEvent("torchvision.models.resnet.BasicBlock", [TenserDef((64, 512, 7, 7), torch.float32)], {})
SpanEndEvent("torchvision.models.resnet.BasicBlock", 5028247968, 17.824167)
ForwardEndEvent("torch.nn.modules.container.Sequential", [TenserDef((64, 512, 7, 7), torch.float32)], {})
SpanEndEvent("torch.nn.modules.container.Sequential", 5028248064, 37.708084)
ForwardStartEvent("torch.nn.modules.pooling.AdaptiveAvgPool2d", [TenserDef((64, 512, 7, 7), torch.float32)], {})
ForwardEndEvent("torch.nn.modules.pooling.AdaptiveAvgPool2d", [TenserDef((64, 512, 1, 1), torch.float32)], {})
ForwardStartEvent("torch.nn.modules.linear.Linear", [TenserDef((64, 512), torch.float32)], {'weight': TenserDef((1000, 512), torch.float32), 'bias': TenserDef((1000,), torch.float32)})
ForwardEndEvent("torch.nn.modules.linear.Linear", [TenserDef((64, 1000), torch.float32)], {'weight': TenserDef((1000, 512), torch.float32), 'bias': TenserDef((1000,), torch.float32)})
ForwardEndEvent("torchvision.models.resnet.ResNet", [TenserDef((64, 1000), torch.float32)], {})
SpanEndEvent("torchvision.models.resnet.ResNet", 5027911376, 210.832791)
SpanStartEvent("torchvision.models.resnet.ResNet", 5027911376)
BackwardStartEvent("torchvision.models.resnet.ResNet", [TenserDef((64, 1000), torch.float32)], {})
BackwardEndEvent("torchvision.models.resnet.ResNet", [TenserDef((64, 1000), torch.float32)], {})
SpanEndEvent("torchvision.models.resnet.ResNet", 5027911376, 0.042667)
SpanStartEvent("torchvision.models.resnet.BasicBlock", 5028247968)
BackwardStartEvent("torchvision.models.resnet.BasicBlock", [TenserDef((64, 512, 7, 7), torch.float32)], {})
BackwardEndEvent("torchvision.models.resnet.BasicBlock", [TenserDef((64, 512, 7, 7), torch.float32)], {})
SpanEndEvent("torchvision.models.resnet.BasicBlock", 5028247968, 49.167375)
SpanStartEvent("torchvision.models.resnet.BasicBlock", 5028247728)
BackwardStartEvent("torchvision.models.resnet.BasicBlock", [TenserDef((64, 512, 7, 7), torch.float32)], {})
BackwardEndEvent("torchvision.models.resnet.BasicBlock", [TenserDef((64, 512, 7, 7), torch.float32)], {})
SpanEndEvent("torchvision.models.resnet.BasicBlock", 5028247728, 68.929583)
SpanStartEvent("torchvision.models.resnet.BasicBlock", 5028246432)
BackwardStartEvent("torchvision.models.resnet.BasicBlock", [TenserDef((64, 256, 14, 14), torch.float32)], {})
BackwardEndEvent("torchvision.models.resnet.BasicBlock", [TenserDef((64, 256, 14, 14), torch.float32)], {})
SpanEndEvent("torchvision.models.resnet.BasicBlock", 5028246432, 46.243542)
SpanStartEvent("torchvision.models.resnet.BasicBlock", 5028179920)
BackwardStartEvent("torchvision.models.resnet.BasicBlock", [TenserDef((64, 256, 14, 14), torch.float32)], {})
BackwardEndEvent("torchvision.models.resnet.BasicBlock", [TenserDef((64, 256, 14, 14), torch.float32)], {})
SpanEndEvent("torchvision.models.resnet.BasicBlock", 5028179920, 56.4265)
SpanStartEvent("torchvision.models.resnet.BasicBlock", 5028179248)
BackwardStartEvent("torchvision.models.resnet.BasicBlock", [TenserDef((64, 128, 28, 28), torch.float32)], {})
BackwardEndEvent("torchvision.models.resnet.BasicBlock", [TenserDef((64, 128, 28, 28), torch.float32)], {})
SpanEndEvent("torchvision.models.resnet.BasicBlock", 5028179248, 40.185790999999995)
SpanStartEvent("torchvision.models.resnet.BasicBlock", 5028245568)
BackwardStartEvent("torchvision.models.resnet.BasicBlock", [TenserDef((64, 128, 28, 28), torch.float32)], {})
BackwardEndEvent("torchvision.models.resnet.BasicBlock", [TenserDef((64, 128, 28, 28), torch.float32)], {})
SpanEndEvent("torchvision.models.resnet.BasicBlock", 5028245568, 56.562749999999994)
SpanStartEvent("torchvision.models.resnet.BasicBlock", 5028246480)
BackwardStartEvent("torchvision.models.resnet.BasicBlock", [TenserDef((64, 64, 56, 56), torch.float32)], {})
BackwardEndEvent("torchvision.models.resnet.BasicBlock", [TenserDef((64, 64, 56, 56), torch.float32)], {})
SpanEndEvent("torchvision.models.resnet.BasicBlock", 5028246480, 51.270291)
SpanStartEvent("torchvision.models.resnet.BasicBlock", 5028246576)
BackwardStartEvent("torchvision.models.resnet.BasicBlock", [TenserDef((64, 64, 56, 56), torch.float32)], {})
BackwardEndEvent("torchvision.models.resnet.BasicBlock", [TenserDef((64, 64, 56, 56), torch.float32)], {})
SpanEndEvent("torchvision.models.resnet.BasicBlock", 5028246576, 51.607291)
SpanStartEvent("torchvision.models.resnet.ResNet", 5027911376)
ForwardStartEvent("torchvision.models.resnet.ResNet", [TenserDef((64, 3, 224, 224), torch.float32)], {})
ForwardStartEvent("torch.nn.modules.conv.Conv2d", [TenserDef((64, 3, 224, 224), torch.float32)], {'weight': TenserDef((64, 3, 7, 7), torch.float32)})
ForwardEndEvent("torch.nn.modules.conv.Conv2d", [TenserDef((64, 64, 112, 112), torch.float32)], {'weight': TenserDef((64, 3, 7, 7), torch.float32)})
ForwardStartEvent("torch.nn.modules.batchnorm.BatchNorm2d", [TenserDef((64, 64, 112, 112), torch.float32)], {'weight': TenserDef((64,), torch.float32), 'bias': TenserDef((64,), torch.float32)})
ForwardEndEvent("torch.nn.modules.batchnorm.BatchNorm2d", [TenserDef((64, 64, 112, 112), torch.float32)], {'weight': TenserDef((64,), torch.float32), 'bias': TenserDef((64,), torch.float32)})
ForwardStartEvent("torch.nn.modules.activation.ReLU", [TenserDef((64, 64, 112, 112), torch.float32)], {})
ForwardEndEvent("torch.nn.modules.activation.ReLU", [TenserDef((64, 64, 112, 112), torch.float32)], {})
ForwardStartEvent("torch.nn.modules.pooling.MaxPool2d", [TenserDef((64, 64, 112, 112), torch.float32)], {})
ForwardEndEvent("torch.nn.modules.pooling.MaxPool2d", [TenserDef((64, 64, 56, 56), torch.float32)], {})
SpanStartEvent("torch.nn.modules.container.Sequential", 5028246096)
ForwardStartEvent("torch.nn.modules.container.Sequential", [TenserDef((64, 64, 56, 56), torch.float32)], {})
SpanStartEvent("torchvision.models.resnet.BasicBlock", 5028246576)
ForwardStartEvent("torchvision.models.resnet.BasicBlock", [TenserDef((64, 64, 56, 56), torch.float32)], {})
ForwardStartEvent("torch.nn.modules.conv.Conv2d", [TenserDef((64, 64, 56, 56), torch.float32)], {'weight': TenserDef((64, 64, 3, 3), torch.float32)})
ForwardEndEvent("torch.nn.modules.conv.Conv2d", [TenserDef((64, 64, 56, 56), torch.float32)], {'weight': TenserDef((64, 64, 3, 3), torch.float32)})
ForwardStartEvent("torch.nn.modules.batchnorm.BatchNorm2d", [TenserDef((64, 64, 56, 56), torch.float32)], {'weight': TenserDef((64,), torch.float32), 'bias': TenserDef((64,), torch.float32)})
ForwardEndEvent("torch.nn.modules.batchnorm.BatchNorm2d", [TenserDef((64, 64, 56, 56), torch.float32)], {'weight': TenserDef((64,), torch.float32), 'bias': TenserDef((64,), torch.float32)})
ForwardStartEvent("torch.nn.modules.activation.ReLU", [TenserDef((64, 64, 56, 56), torch.float32)], {})
ForwardEndEvent("torch.nn.modules.activation.ReLU", [TenserDef((64, 64, 56, 56), torch.float32)], {})
ForwardStartEvent("torch.nn.modules.conv.Conv2d", [TenserDef((64, 64, 56, 56), torch.float32)], {'weight': TenserDef((64, 64, 3, 3), torch.float32)})
ForwardEndEvent("torch.nn.modules.conv.Conv2d", [TenserDef((64, 64, 56, 56), torch.float32)], {'weight': TenserDef((64, 64, 3, 3), torch.float32)})
ForwardStartEvent("torch.nn.modules.batchnorm.BatchNorm2d", [TenserDef((64, 64, 56, 56), torch.float32)], {'weight': TenserDef((64,), torch.float32), 'bias': TenserDef((64,), torch.float32)})
ForwardEndEvent("torch.nn.modules.batchnorm.BatchNorm2d", [TenserDef((64, 64, 56, 56), torch.float32)], {'weight': TenserDef((64,), torch.float32), 'bias': TenserDef((64,), torch.float32)})
ForwardStartEvent("torch.nn.modules.activation.ReLU", [TenserDef((64, 64, 56, 56), torch.float32)], {})
ForwardEndEvent("torch.nn.modules.activation.ReLU", [TenserDef((64, 64, 56, 56), torch.float32)], {})
ForwardEndEvent("torchvision.models.resnet.BasicBlock", [TenserDef((64, 64, 56, 56), torch.float32)], {})
SpanEndEvent("torchvision.models.resnet.BasicBlock", 5028246576, 25.073458)
SpanStartEvent("torchvision.models.resnet.BasicBlock", 5028246480)
ForwardStartEvent("torchvision.models.resnet.BasicBlock", [TenserDef((64, 64, 56, 56), torch.float32)], {})
ForwardStartEvent("torch.nn.modules.conv.Conv2d", [TenserDef((64, 64, 56, 56), torch.float32)], {'weight': TenserDef((64, 64, 3, 3), torch.float32)})
ForwardEndEvent("torch.nn.modules.conv.Conv2d", [TenserDef((64, 64, 56, 56), torch.float32)], {'weight': TenserDef((64, 64, 3, 3), torch.float32)})
ForwardStartEvent("torch.nn.modules.batchnorm.BatchNorm2d", [TenserDef((64, 64, 56, 56), torch.float32)], {'weight': TenserDef((64,), torch.float32), 'bias': TenserDef((64,), torch.float32)})
ForwardEndEvent("torch.nn.modules.batchnorm.BatchNorm2d", [TenserDef((64, 64, 56, 56), torch.float32)], {'weight': TenserDef((64,), torch.float32), 'bias': TenserDef((64,), torch.float32)})
ForwardStartEvent("torch.nn.modules.activation.ReLU", [TenserDef((64, 64, 56, 56), torch.float32)], {})
ForwardEndEvent("torch.nn.modules.activation.ReLU", [TenserDef((64, 64, 56, 56), torch.float32)], {})
ForwardStartEvent("torch.nn.modules.conv.Conv2d", [TenserDef((64, 64, 56, 56), torch.float32)], {'weight': TenserDef((64, 64, 3, 3), torch.float32)})
ForwardEndEvent("torch.nn.modules.conv.Conv2d", [TenserDef((64, 64, 56, 56), torch.float32)], {'weight': TenserDef((64, 64, 3, 3), torch.float32)})
ForwardStartEvent("torch.nn.modules.batchnorm.BatchNorm2d", [TenserDef((64, 64, 56, 56), torch.float32)], {'weight': TenserDef((64,), torch.float32), 'bias': TenserDef((64,), torch.float32)})
ForwardEndEvent("torch.nn.modules.batchnorm.BatchNorm2d", [TenserDef((64, 64, 56, 56), torch.float32)], {'weight': TenserDef((64,), torch.float32), 'bias': TenserDef((64,), torch.float32)})
ForwardStartEvent("torch.nn.modules.activation.ReLU", [TenserDef((64, 64, 56, 56), torch.float32)], {})
ForwardEndEvent("torch.nn.modules.activation.ReLU", [TenserDef((64, 64, 56, 56), torch.float32)], {})
ForwardEndEvent("torchvision.models.resnet.BasicBlock", [TenserDef((64, 64, 56, 56), torch.float32)], {})
SpanEndEvent("torchvision.models.resnet.BasicBlock", 5028246480, 25.11375)
ForwardEndEvent("torch.nn.modules.container.Sequential", [TenserDef((64, 64, 56, 56), torch.float32)], {})
SpanEndEvent("torch.nn.modules.container.Sequential", 5028246096, 50.177749999999996)
SpanStartEvent("torch.nn.modules.container.Sequential", 5028179104)
ForwardStartEvent("torch.nn.modules.container.Sequential", [TenserDef((64, 64, 56, 56), torch.float32)], {})
SpanStartEvent("torchvision.models.resnet.BasicBlock", 5028245568)
ForwardStartEvent("torchvision.models.resnet.BasicBlock", [TenserDef((64, 64, 56, 56), torch.float32)], {})
ForwardStartEvent("torch.nn.modules.conv.Conv2d", [TenserDef((64, 64, 56, 56), torch.float32)], {'weight': TenserDef((128, 64, 3, 3), torch.float32)})
ForwardEndEvent("torch.nn.modules.conv.Conv2d", [TenserDef((64, 128, 28, 28), torch.float32)], {'weight': TenserDef((128, 64, 3, 3), torch.float32)})
ForwardStartEvent("torch.nn.modules.batchnorm.BatchNorm2d", [TenserDef((64, 128, 28, 28), torch.float32)], {'weight': TenserDef((128,), torch.float32), 'bias': TenserDef((128,), torch.float32)})
ForwardEndEvent("torch.nn.modules.batchnorm.BatchNorm2d", [TenserDef((64, 128, 28, 28), torch.float32)], {'weight': TenserDef((128,), torch.float32), 'bias': TenserDef((128,), torch.float32)})
ForwardStartEvent("torch.nn.modules.activation.ReLU", [TenserDef((64, 128, 28, 28), torch.float32)], {})
ForwardEndEvent("torch.nn.modules.activation.ReLU", [TenserDef((64, 128, 28, 28), torch.float32)], {})
ForwardStartEvent("torch.nn.modules.conv.Conv2d", [TenserDef((64, 128, 28, 28), torch.float32)], {'weight': TenserDef((128, 128, 3, 3), torch.float32)})
ForwardEndEvent("torch.nn.modules.conv.Conv2d", [TenserDef((64, 128, 28, 28), torch.float32)], {'weight': TenserDef((128, 128, 3, 3), torch.float32)})
ForwardStartEvent("torch.nn.modules.batchnorm.BatchNorm2d", [TenserDef((64, 128, 28, 28), torch.float32)], {'weight': TenserDef((128,), torch.float32), 'bias': TenserDef((128,), torch.float32)})
ForwardEndEvent("torch.nn.modules.batchnorm.BatchNorm2d", [TenserDef((64, 128, 28, 28), torch.float32)], {'weight': TenserDef((128,), torch.float32), 'bias': TenserDef((128,), torch.float32)})
SpanStartEvent("torch.nn.modules.container.Sequential", 5028245952)
ForwardStartEvent("torch.nn.modules.container.Sequential", [TenserDef((64, 64, 56, 56), torch.float32)], {})
ForwardStartEvent("torch.nn.modules.conv.Conv2d", [TenserDef((64, 64, 56, 56), torch.float32)], {'weight': TenserDef((128, 64, 1, 1), torch.float32)})
ForwardEndEvent("torch.nn.modules.conv.Conv2d", [TenserDef((64, 128, 28, 28), torch.float32)], {'weight': TenserDef((128, 64, 1, 1), torch.float32)})
ForwardStartEvent("torch.nn.modules.batchnorm.BatchNorm2d", [TenserDef((64, 128, 28, 28), torch.float32)], {'weight': TenserDef((128,), torch.float32), 'bias': TenserDef((128,), torch.float32)})
ForwardEndEvent("torch.nn.modules.batchnorm.BatchNorm2d", [TenserDef((64, 128, 28, 28), torch.float32)], {'weight': TenserDef((128,), torch.float32), 'bias': TenserDef((128,), torch.float32)})
ForwardEndEvent("torch.nn.modules.container.Sequential", [TenserDef((64, 128, 28, 28), torch.float32)], {})
SpanEndEvent("torch.nn.modules.container.Sequential", 5028245952, 2.8043329999999997)
ForwardStartEvent("torch.nn.modules.activation.ReLU", [TenserDef((64, 128, 28, 28), torch.float32)], {})
ForwardEndEvent("torch.nn.modules.activation.ReLU", [TenserDef((64, 128, 28, 28), torch.float32)], {})
ForwardEndEvent("torchvision.models.resnet.BasicBlock", [TenserDef((64, 128, 28, 28), torch.float32)], {})
SpanEndEvent("torchvision.models.resnet.BasicBlock", 5028245568, 20.115292)
SpanStartEvent("torchvision.models.resnet.BasicBlock", 5028179248)
ForwardStartEvent("torchvision.models.resnet.BasicBlock", [TenserDef((64, 128, 28, 28), torch.float32)], {})
ForwardStartEvent("torch.nn.modules.conv.Conv2d", [TenserDef((64, 128, 28, 28), torch.float32)], {'weight': TenserDef((128, 128, 3, 3), torch.float32)})
ForwardEndEvent("torch.nn.modules.conv.Conv2d", [TenserDef((64, 128, 28, 28), torch.float32)], {'weight': TenserDef((128, 128, 3, 3), torch.float32)})
ForwardStartEvent("torch.nn.modules.batchnorm.BatchNorm2d", [TenserDef((64, 128, 28, 28), torch.float32)], {'weight': TenserDef((128,), torch.float32), 'bias': TenserDef((128,), torch.float32)})
ForwardEndEvent("torch.nn.modules.batchnorm.BatchNorm2d", [TenserDef((64, 128, 28, 28), torch.float32)], {'weight': TenserDef((128,), torch.float32), 'bias': TenserDef((128,), torch.float32)})
ForwardStartEvent("torch.nn.modules.activation.ReLU", [TenserDef((64, 128, 28, 28), torch.float32)], {})
ForwardEndEvent("torch.nn.modules.activation.ReLU", [TenserDef((64, 128, 28, 28), torch.float32)], {})
ForwardStartEvent("torch.nn.modules.conv.Conv2d", [TenserDef((64, 128, 28, 28), torch.float32)], {'weight': TenserDef((128, 128, 3, 3), torch.float32)})
ForwardEndEvent("torch.nn.modules.conv.Conv2d", [TenserDef((64, 128, 28, 28), torch.float32)], {'weight': TenserDef((128, 128, 3, 3), torch.float32)})
ForwardStartEvent("torch.nn.modules.batchnorm.BatchNorm2d", [TenserDef((64, 128, 28, 28), torch.float32)], {'weight': TenserDef((128,), torch.float32), 'bias': TenserDef((128,), torch.float32)})
ForwardEndEvent("torch.nn.modules.batchnorm.BatchNorm2d", [TenserDef((64, 128, 28, 28), torch.float32)], {'weight': TenserDef((128,), torch.float32), 'bias': TenserDef((128,), torch.float32)})
ForwardStartEvent("torch.nn.modules.activation.ReLU", [TenserDef((64, 128, 28, 28), torch.float32)], {})
ForwardEndEvent("torch.nn.modules.activation.ReLU", [TenserDef((64, 128, 28, 28), torch.float32)], {})
ForwardEndEvent("torchvision.models.resnet.BasicBlock", [TenserDef((64, 128, 28, 28), torch.float32)], {})
SpanEndEvent("torchvision.models.resnet.BasicBlock", 5028179248, 18.520875)
ForwardEndEvent("torch.nn.modules.container.Sequential", [TenserDef((64, 128, 28, 28), torch.float32)], {})
SpanEndEvent("torch.nn.modules.container.Sequential", 5028179104, 38.624583)
SpanStartEvent("torch.nn.modules.container.Sequential", 5028247296)
ForwardStartEvent("torch.nn.modules.container.Sequential", [TenserDef((64, 128, 28, 28), torch.float32)], {})
SpanStartEvent("torchvision.models.resnet.BasicBlock", 5028179920)
ForwardStartEvent("torchvision.models.resnet.BasicBlock", [TenserDef((64, 128, 28, 28), torch.float32)], {})
ForwardStartEvent("torch.nn.modules.conv.Conv2d", [TenserDef((64, 128, 28, 28), torch.float32)], {'weight': TenserDef((256, 128, 3, 3), torch.float32)})
ForwardEndEvent("torch.nn.modules.conv.Conv2d", [TenserDef((64, 256, 14, 14), torch.float32)], {'weight': TenserDef((256, 128, 3, 3), torch.float32)})
ForwardStartEvent("torch.nn.modules.batchnorm.BatchNorm2d", [TenserDef((64, 256, 14, 14), torch.float32)], {'weight': TenserDef((256,), torch.float32), 'bias': TenserDef((256,), torch.float32)})
ForwardEndEvent("torch.nn.modules.batchnorm.BatchNorm2d", [TenserDef((64, 256, 14, 14), torch.float32)], {'weight': TenserDef((256,), torch.float32), 'bias': TenserDef((256,), torch.float32)})
ForwardStartEvent("torch.nn.modules.activation.ReLU", [TenserDef((64, 256, 14, 14), torch.float32)], {})
ForwardEndEvent("torch.nn.modules.activation.ReLU", [TenserDef((64, 256, 14, 14), torch.float32)], {})
ForwardStartEvent("torch.nn.modules.conv.Conv2d", [TenserDef((64, 256, 14, 14), torch.float32)], {'weight': TenserDef((256, 256, 3, 3), torch.float32)})
ForwardEndEvent("torch.nn.modules.conv.Conv2d", [TenserDef((64, 256, 14, 14), torch.float32)], {'weight': TenserDef((256, 256, 3, 3), torch.float32)})
ForwardStartEvent("torch.nn.modules.batchnorm.BatchNorm2d", [TenserDef((64, 256, 14, 14), torch.float32)], {'weight': TenserDef((256,), torch.float32), 'bias': TenserDef((256,), torch.float32)})
ForwardEndEvent("torch.nn.modules.batchnorm.BatchNorm2d", [TenserDef((64, 256, 14, 14), torch.float32)], {'weight': TenserDef((256,), torch.float32), 'bias': TenserDef((256,), torch.float32)})
SpanStartEvent("torch.nn.modules.container.Sequential", 5028179872)
ForwardStartEvent("torch.nn.modules.container.Sequential", [TenserDef((64, 128, 28, 28), torch.float32)], {})
ForwardStartEvent("torch.nn.modules.conv.Conv2d", [TenserDef((64, 128, 28, 28), torch.float32)], {'weight': TenserDef((256, 128, 1, 1), torch.float32)})
ForwardEndEvent("torch.nn.modules.conv.Conv2d", [TenserDef((64, 256, 14, 14), torch.float32)], {'weight': TenserDef((256, 128, 1, 1), torch.float32)})
ForwardStartEvent("torch.nn.modules.batchnorm.BatchNorm2d", [TenserDef((64, 256, 14, 14), torch.float32)], {'weight': TenserDef((256,), torch.float32), 'bias': TenserDef((256,), torch.float32)})
ForwardEndEvent("torch.nn.modules.batchnorm.BatchNorm2d", [TenserDef((64, 256, 14, 14), torch.float32)], {'weight': TenserDef((256,), torch.float32), 'bias': TenserDef((256,), torch.float32)})
ForwardEndEvent("torch.nn.modules.container.Sequential", [TenserDef((64, 256, 14, 14), torch.float32)], {})
SpanEndEvent("torch.nn.modules.container.Sequential", 5028179872, 0.505333)
ForwardStartEvent("torch.nn.modules.activation.ReLU", [TenserDef((64, 256, 14, 14), torch.float32)], {})
ForwardEndEvent("torch.nn.modules.activation.ReLU", [TenserDef((64, 256, 14, 14), torch.float32)], {})
ForwardEndEvent("torchvision.models.resnet.BasicBlock", [TenserDef((64, 256, 14, 14), torch.float32)], {})
SpanEndEvent("torchvision.models.resnet.BasicBlock", 5028179920, 18.497958)
SpanStartEvent("torchvision.models.resnet.BasicBlock", 5028246432)
ForwardStartEvent("torchvision.models.resnet.BasicBlock", [TenserDef((64, 256, 14, 14), torch.float32)], {})
ForwardStartEvent("torch.nn.modules.conv.Conv2d", [TenserDef((64, 256, 14, 14), torch.float32)], {'weight': TenserDef((256, 256, 3, 3), torch.float32)})
ForwardEndEvent("torch.nn.modules.conv.Conv2d", [TenserDef((64, 256, 14, 14), torch.float32)], {'weight': TenserDef((256, 256, 3, 3), torch.float32)})
ForwardStartEvent("torch.nn.modules.batchnorm.BatchNorm2d", [TenserDef((64, 256, 14, 14), torch.float32)], {'weight': TenserDef((256,), torch.float32), 'bias': TenserDef((256,), torch.float32)})
ForwardEndEvent("torch.nn.modules.batchnorm.BatchNorm2d", [TenserDef((64, 256, 14, 14), torch.float32)], {'weight': TenserDef((256,), torch.float32), 'bias': TenserDef((256,), torch.float32)})
ForwardStartEvent("torch.nn.modules.activation.ReLU", [TenserDef((64, 256, 14, 14), torch.float32)], {})
ForwardEndEvent("torch.nn.modules.activation.ReLU", [TenserDef((64, 256, 14, 14), torch.float32)], {})
ForwardStartEvent("torch.nn.modules.conv.Conv2d", [TenserDef((64, 256, 14, 14), torch.float32)], {'weight': TenserDef((256, 256, 3, 3), torch.float32)})
ForwardEndEvent("torch.nn.modules.conv.Conv2d", [TenserDef((64, 256, 14, 14), torch.float32)], {'weight': TenserDef((256, 256, 3, 3), torch.float32)})
ForwardStartEvent("torch.nn.modules.batchnorm.BatchNorm2d", [TenserDef((64, 256, 14, 14), torch.float32)], {'weight': TenserDef((256,), torch.float32), 'bias': TenserDef((256,), torch.float32)})
ForwardEndEvent("torch.nn.modules.batchnorm.BatchNorm2d", [TenserDef((64, 256, 14, 14), torch.float32)], {'weight': TenserDef((256,), torch.float32), 'bias': TenserDef((256,), torch.float32)})
ForwardStartEvent("torch.nn.modules.activation.ReLU", [TenserDef((64, 256, 14, 14), torch.float32)], {})
ForwardEndEvent("torch.nn.modules.activation.ReLU", [TenserDef((64, 256, 14, 14), torch.float32)], {})
ForwardEndEvent("torchvision.models.resnet.BasicBlock", [TenserDef((64, 256, 14, 14), torch.float32)], {})
SpanEndEvent("torchvision.models.resnet.BasicBlock", 5028246432, 16.6165)
ForwardEndEvent("torch.nn.modules.container.Sequential", [TenserDef((64, 256, 14, 14), torch.float32)], {})
SpanEndEvent("torch.nn.modules.container.Sequential", 5028247296, 35.122458)
SpanStartEvent("torch.nn.modules.container.Sequential", 5028248064)
ForwardStartEvent("torch.nn.modules.container.Sequential", [TenserDef((64, 256, 14, 14), torch.float32)], {})
SpanStartEvent("torchvision.models.resnet.BasicBlock", 5028247728)
ForwardStartEvent("torchvision.models.resnet.BasicBlock", [TenserDef((64, 256, 14, 14), torch.float32)], {})
ForwardStartEvent("torch.nn.modules.conv.Conv2d", [TenserDef((64, 256, 14, 14), torch.float32)], {'weight': TenserDef((512, 256, 3, 3), torch.float32)})
ForwardEndEvent("torch.nn.modules.conv.Conv2d", [TenserDef((64, 512, 7, 7), torch.float32)], {'weight': TenserDef((512, 256, 3, 3), torch.float32)})
ForwardStartEvent("torch.nn.modules.batchnorm.BatchNorm2d", [TenserDef((64, 512, 7, 7), torch.float32)], {'weight': TenserDef((512,), torch.float32), 'bias': TenserDef((512,), torch.float32)})
ForwardEndEvent("torch.nn.modules.batchnorm.BatchNorm2d", [TenserDef((64, 512, 7, 7), torch.float32)], {'weight': TenserDef((512,), torch.float32), 'bias': TenserDef((512,), torch.float32)})
ForwardStartEvent("torch.nn.modules.activation.ReLU", [TenserDef((64, 512, 7, 7), torch.float32)], {})
ForwardEndEvent("torch.nn.modules.activation.ReLU", [TenserDef((64, 512, 7, 7), torch.float32)], {})
ForwardStartEvent("torch.nn.modules.conv.Conv2d", [TenserDef((64, 512, 7, 7), torch.float32)], {'weight': TenserDef((512, 512, 3, 3), torch.float32)})
ForwardEndEvent("torch.nn.modules.conv.Conv2d", [TenserDef((64, 512, 7, 7), torch.float32)], {'weight': TenserDef((512, 512, 3, 3), torch.float32)})
ForwardStartEvent("torch.nn.modules.batchnorm.BatchNorm2d", [TenserDef((64, 512, 7, 7), torch.float32)], {'weight': TenserDef((512,), torch.float32), 'bias': TenserDef((512,), torch.float32)})
ForwardEndEvent("torch.nn.modules.batchnorm.BatchNorm2d", [TenserDef((64, 512, 7, 7), torch.float32)], {'weight': TenserDef((512,), torch.float32), 'bias': TenserDef((512,), torch.float32)})
SpanStartEvent("torch.nn.modules.container.Sequential", 5028247680)
ForwardStartEvent("torch.nn.modules.container.Sequential", [TenserDef((64, 256, 14, 14), torch.float32)], {})
ForwardStartEvent("torch.nn.modules.conv.Conv2d", [TenserDef((64, 256, 14, 14), torch.float32)], {'weight': TenserDef((512, 256, 1, 1), torch.float32)})
ForwardEndEvent("torch.nn.modules.conv.Conv2d", [TenserDef((64, 512, 7, 7), torch.float32)], {'weight': TenserDef((512, 256, 1, 1), torch.float32)})
ForwardStartEvent("torch.nn.modules.batchnorm.BatchNorm2d", [TenserDef((64, 512, 7, 7), torch.float32)], {'weight': TenserDef((512,), torch.float32), 'bias': TenserDef((512,), torch.float32)})
ForwardEndEvent("torch.nn.modules.batchnorm.BatchNorm2d", [TenserDef((64, 512, 7, 7), torch.float32)], {'weight': TenserDef((512,), torch.float32), 'bias': TenserDef((512,), torch.float32)})
ForwardEndEvent("torch.nn.modules.container.Sequential", [TenserDef((64, 512, 7, 7), torch.float32)], {})
SpanEndEvent("torch.nn.modules.container.Sequential", 5028247680, 1.2309999999999999)
ForwardStartEvent("torch.nn.modules.activation.ReLU", [TenserDef((64, 512, 7, 7), torch.float32)], {})
ForwardEndEvent("torch.nn.modules.activation.ReLU", [TenserDef((64, 512, 7, 7), torch.float32)], {})
ForwardEndEvent("torchvision.models.resnet.BasicBlock", [TenserDef((64, 512, 7, 7), torch.float32)], {})
SpanEndEvent("torchvision.models.resnet.BasicBlock", 5028247728, 19.595916)
SpanStartEvent("torchvision.models.resnet.BasicBlock", 5028247968)
ForwardStartEvent("torchvision.models.resnet.BasicBlock", [TenserDef((64, 512, 7, 7), torch.float32)], {})
ForwardStartEvent("torch.nn.modules.conv.Conv2d", [TenserDef((64, 512, 7, 7), torch.float32)], {'weight': TenserDef((512, 512, 3, 3), torch.float32)})
ForwardEndEvent("torch.nn.modules.conv.Conv2d", [TenserDef((64, 512, 7, 7), torch.float32)], {'weight': TenserDef((512, 512, 3, 3), torch.float32)})
ForwardStartEvent("torch.nn.modules.batchnorm.BatchNorm2d", [TenserDef((64, 512, 7, 7), torch.float32)], {'weight': TenserDef((512,), torch.float32), 'bias': TenserDef((512,), torch.float32)})
ForwardEndEvent("torch.nn.modules.batchnorm.BatchNorm2d", [TenserDef((64, 512, 7, 7), torch.float32)], {'weight': TenserDef((512,), torch.float32), 'bias': TenserDef((512,), torch.float32)})
ForwardStartEvent("torch.nn.modules.activation.ReLU", [TenserDef((64, 512, 7, 7), torch.float32)], {})
ForwardEndEvent("torch.nn.modules.activation.ReLU", [TenserDef((64, 512, 7, 7), torch.float32)], {})
ForwardStartEvent("torch.nn.modules.conv.Conv2d", [TenserDef((64, 512, 7, 7), torch.float32)], {'weight': TenserDef((512, 512, 3, 3), torch.float32)})
ForwardEndEvent("torch.nn.modules.conv.Conv2d", [TenserDef((64, 512, 7, 7), torch.float32)], {'weight': TenserDef((512, 512, 3, 3), torch.float32)})
ForwardStartEvent("torch.nn.modules.batchnorm.BatchNorm2d", [TenserDef((64, 512, 7, 7), torch.float32)], {'weight': TenserDef((512,), torch.float32), 'bias': TenserDef((512,), torch.float32)})
ForwardEndEvent("torch.nn.modules.batchnorm.BatchNorm2d", [TenserDef((64, 512, 7, 7), torch.float32)], {'weight': TenserDef((512,), torch.float32), 'bias': TenserDef((512,), torch.float32)})
ForwardStartEvent("torch.nn.modules.activation.ReLU", [TenserDef((64, 512, 7, 7), torch.float32)], {})
ForwardEndEvent("torch.nn.modules.activation.ReLU", [TenserDef((64, 512, 7, 7), torch.float32)], {})
ForwardEndEvent("torchvision.models.resnet.BasicBlock", [TenserDef((64, 512, 7, 7), torch.float32)], {})
SpanEndEvent("torchvision.models.resnet.BasicBlock", 5028247968, 17.8955)
ForwardEndEvent("torch.nn.modules.container.Sequential", [TenserDef((64, 512, 7, 7), torch.float32)], {})
SpanEndEvent("torch.nn.modules.container.Sequential", 5028248064, 37.479124999999996)
ForwardStartEvent("torch.nn.modules.pooling.AdaptiveAvgPool2d", [TenserDef((64, 512, 7, 7), torch.float32)], {})
ForwardEndEvent("torch.nn.modules.pooling.AdaptiveAvgPool2d", [TenserDef((64, 512, 1, 1), torch.float32)], {})
ForwardStartEvent("torch.nn.modules.linear.Linear", [TenserDef((64, 512), torch.float32)], {'weight': TenserDef((1000, 512), torch.float32), 'bias': TenserDef((1000,), torch.float32)})
ForwardEndEvent("torch.nn.modules.linear.Linear", [TenserDef((64, 1000), torch.float32)], {'weight': TenserDef((1000, 512), torch.float32), 'bias': TenserDef((1000,), torch.float32)})
ForwardEndEvent("torchvision.models.resnet.ResNet", [TenserDef((64, 1000), torch.float32)], {})
SpanEndEvent("torchvision.models.resnet.ResNet", 5027911376, 212.736042)
SpanStartEvent("torchvision.models.resnet.ResNet", 5027911376)
BackwardStartEvent("torchvision.models.resnet.ResNet", [TenserDef((64, 1000), torch.float32)], {})
BackwardEndEvent("torchvision.models.resnet.ResNet", [TenserDef((64, 1000), torch.float32)], {})
SpanEndEvent("torchvision.models.resnet.ResNet", 5027911376, 0.008541)
SpanStartEvent("torchvision.models.resnet.BasicBlock", 5028247968)
BackwardStartEvent("torchvision.models.resnet.BasicBlock", [TenserDef((64, 512, 7, 7), torch.float32)], {})
BackwardEndEvent("torchvision.models.resnet.BasicBlock", [TenserDef((64, 512, 7, 7), torch.float32)], {})
SpanEndEvent("torchvision.models.resnet.BasicBlock", 5028247968, 46.975584)
SpanStartEvent("torchvision.models.resnet.BasicBlock", 5028247728)
BackwardStartEvent("torchvision.models.resnet.BasicBlock", [TenserDef((64, 512, 7, 7), torch.float32)], {})
BackwardEndEvent("torchvision.models.resnet.BasicBlock", [TenserDef((64, 512, 7, 7), torch.float32)], {})
SpanEndEvent("torchvision.models.resnet.BasicBlock", 5028247728, 65.49729099999999)
SpanStartEvent("torchvision.models.resnet.BasicBlock", 5028246432)
BackwardStartEvent("torchvision.models.resnet.BasicBlock", [TenserDef((64, 256, 14, 14), torch.float32)], {})
BackwardEndEvent("torchvision.models.resnet.BasicBlock", [TenserDef((64, 256, 14, 14), torch.float32)], {})
SpanEndEvent("torchvision.models.resnet.BasicBlock", 5028246432, 46.043791999999996)
SpanStartEvent("torchvision.models.resnet.BasicBlock", 5028179920)
BackwardStartEvent("torchvision.models.resnet.BasicBlock", [TenserDef((64, 256, 14, 14), torch.float32)], {})
BackwardEndEvent("torchvision.models.resnet.BasicBlock", [TenserDef((64, 256, 14, 14), torch.float32)], {})
SpanEndEvent("torchvision.models.resnet.BasicBlock", 5028179920, 56.024083)
SpanStartEvent("torchvision.models.resnet.BasicBlock", 5028179248)
BackwardStartEvent("torchvision.models.resnet.BasicBlock", [TenserDef((64, 128, 28, 28), torch.float32)], {})
BackwardEndEvent("torchvision.models.resnet.BasicBlock", [TenserDef((64, 128, 28, 28), torch.float32)], {})
SpanEndEvent("torchvision.models.resnet.BasicBlock", 5028179248, 40.145875)
SpanStartEvent("torchvision.models.resnet.BasicBlock", 5028245568)
BackwardStartEvent("torchvision.models.resnet.BasicBlock", [TenserDef((64, 128, 28, 28), torch.float32)], {})
BackwardEndEvent("torchvision.models.resnet.BasicBlock", [TenserDef((64, 128, 28, 28), torch.float32)], {})
SpanEndEvent("torchvision.models.resnet.BasicBlock", 5028245568, 56.673958999999996)
SpanStartEvent("torchvision.models.resnet.BasicBlock", 5028246480)
BackwardStartEvent("torchvision.models.resnet.BasicBlock", [TenserDef((64, 64, 56, 56), torch.float32)], {})
BackwardEndEvent("torchvision.models.resnet.BasicBlock", [TenserDef((64, 64, 56, 56), torch.float32)], {})
SpanEndEvent("torchvision.models.resnet.BasicBlock", 5028246480, 51.965374999999995)
SpanStartEvent("torchvision.models.resnet.BasicBlock", 5028246576)
BackwardStartEvent("torchvision.models.resnet.BasicBlock", [TenserDef((64, 64, 56, 56), torch.float32)], {})
BackwardEndEvent("torchvision.models.resnet.BasicBlock", [TenserDef((64, 64, 56, 56), torch.float32)], {})
SpanEndEvent("torchvision.models.resnet.BasicBlock", 5028246576, 52.362167)
SpanStartEvent("torchvision.models.resnet.ResNet", 5027911376)
ForwardStartEvent("torchvision.models.resnet.ResNet", [TenserDef((64, 3, 224, 224), torch.float32)], {})
ForwardStartEvent("torch.nn.modules.conv.Conv2d", [TenserDef((64, 3, 224, 224), torch.float32)], {'weight': TenserDef((64, 3, 7, 7), torch.float32)})
ForwardEndEvent("torch.nn.modules.conv.Conv2d", [TenserDef((64, 64, 112, 112), torch.float32)], {'weight': TenserDef((64, 3, 7, 7), torch.float32)})
ForwardStartEvent("torch.nn.modules.batchnorm.BatchNorm2d", [TenserDef((64, 64, 112, 112), torch.float32)], {'weight': TenserDef((64,), torch.float32), 'bias': TenserDef((64,), torch.float32)})
ForwardEndEvent("torch.nn.modules.batchnorm.BatchNorm2d", [TenserDef((64, 64, 112, 112), torch.float32)], {'weight': TenserDef((64,), torch.float32), 'bias': TenserDef((64,), torch.float32)})
ForwardStartEvent("torch.nn.modules.activation.ReLU", [TenserDef((64, 64, 112, 112), torch.float32)], {})
ForwardEndEvent("torch.nn.modules.activation.ReLU", [TenserDef((64, 64, 112, 112), torch.float32)], {})
ForwardStartEvent("torch.nn.modules.pooling.MaxPool2d", [TenserDef((64, 64, 112, 112), torch.float32)], {})
ForwardEndEvent("torch.nn.modules.pooling.MaxPool2d", [TenserDef((64, 64, 56, 56), torch.float32)], {})
SpanStartEvent("torch.nn.modules.container.Sequential", 5028246096)
ForwardStartEvent("torch.nn.modules.container.Sequential", [TenserDef((64, 64, 56, 56), torch.float32)], {})
SpanStartEvent("torchvision.models.resnet.BasicBlock", 5028246576)
ForwardStartEvent("torchvision.models.resnet.BasicBlock", [TenserDef((64, 64, 56, 56), torch.float32)], {})
ForwardStartEvent("torch.nn.modules.conv.Conv2d", [TenserDef((64, 64, 56, 56), torch.float32)], {'weight': TenserDef((64, 64, 3, 3), torch.float32)})
ForwardEndEvent("torch.nn.modules.conv.Conv2d", [TenserDef((64, 64, 56, 56), torch.float32)], {'weight': TenserDef((64, 64, 3, 3), torch.float32)})
ForwardStartEvent("torch.nn.modules.batchnorm.BatchNorm2d", [TenserDef((64, 64, 56, 56), torch.float32)], {'weight': TenserDef((64,), torch.float32), 'bias': TenserDef((64,), torch.float32)})
ForwardEndEvent("torch.nn.modules.batchnorm.BatchNorm2d", [TenserDef((64, 64, 56, 56), torch.float32)], {'weight': TenserDef((64,), torch.float32), 'bias': TenserDef((64,), torch.float32)})
ForwardStartEvent("torch.nn.modules.activation.ReLU", [TenserDef((64, 64, 56, 56), torch.float32)], {})
ForwardEndEvent("torch.nn.modules.activation.ReLU", [TenserDef((64, 64, 56, 56), torch.float32)], {})
ForwardStartEvent("torch.nn.modules.conv.Conv2d", [TenserDef((64, 64, 56, 56), torch.float32)], {'weight': TenserDef((64, 64, 3, 3), torch.float32)})
ForwardEndEvent("torch.nn.modules.conv.Conv2d", [TenserDef((64, 64, 56, 56), torch.float32)], {'weight': TenserDef((64, 64, 3, 3), torch.float32)})
ForwardStartEvent("torch.nn.modules.batchnorm.BatchNorm2d", [TenserDef((64, 64, 56, 56), torch.float32)], {'weight': TenserDef((64,), torch.float32), 'bias': TenserDef((64,), torch.float32)})
ForwardEndEvent("torch.nn.modules.batchnorm.BatchNorm2d", [TenserDef((64, 64, 56, 56), torch.float32)], {'weight': TenserDef((64,), torch.float32), 'bias': TenserDef((64,), torch.float32)})
ForwardStartEvent("torch.nn.modules.activation.ReLU", [TenserDef((64, 64, 56, 56), torch.float32)], {})
ForwardEndEvent("torch.nn.modules.activation.ReLU", [TenserDef((64, 64, 56, 56), torch.float32)], {})
ForwardEndEvent("torchvision.models.resnet.BasicBlock", [TenserDef((64, 64, 56, 56), torch.float32)], {})
SpanEndEvent("torchvision.models.resnet.BasicBlock", 5028246576, 24.870666999999997)
SpanStartEvent("torchvision.models.resnet.BasicBlock", 5028246480)
ForwardStartEvent("torchvision.models.resnet.BasicBlock", [TenserDef((64, 64, 56, 56), torch.float32)], {})
ForwardStartEvent("torch.nn.modules.conv.Conv2d", [TenserDef((64, 64, 56, 56), torch.float32)], {'weight': TenserDef((64, 64, 3, 3), torch.float32)})
ForwardEndEvent("torch.nn.modules.conv.Conv2d", [TenserDef((64, 64, 56, 56), torch.float32)], {'weight': TenserDef((64, 64, 3, 3), torch.float32)})
ForwardStartEvent("torch.nn.modules.batchnorm.BatchNorm2d", [TenserDef((64, 64, 56, 56), torch.float32)], {'weight': TenserDef((64,), torch.float32), 'bias': TenserDef((64,), torch.float32)})
ForwardEndEvent("torch.nn.modules.batchnorm.BatchNorm2d", [TenserDef((64, 64, 56, 56), torch.float32)], {'weight': TenserDef((64,), torch.float32), 'bias': TenserDef((64,), torch.float32)})
ForwardStartEvent("torch.nn.modules.activation.ReLU", [TenserDef((64, 64, 56, 56), torch.float32)], {})
ForwardEndEvent("torch.nn.modules.activation.ReLU", [TenserDef((64, 64, 56, 56), torch.float32)], {})
ForwardStartEvent("torch.nn.modules.conv.Conv2d", [TenserDef((64, 64, 56, 56), torch.float32)], {'weight': TenserDef((64, 64, 3, 3), torch.float32)})
ForwardEndEvent("torch.nn.modules.conv.Conv2d", [TenserDef((64, 64, 56, 56), torch.float32)], {'weight': TenserDef((64, 64, 3, 3), torch.float32)})
ForwardStartEvent("torch.nn.modules.batchnorm.BatchNorm2d", [TenserDef((64, 64, 56, 56), torch.float32)], {'weight': TenserDef((64,), torch.float32), 'bias': TenserDef((64,), torch.float32)})
ForwardEndEvent("torch.nn.modules.batchnorm.BatchNorm2d", [TenserDef((64, 64, 56, 56), torch.float32)], {'weight': TenserDef((64,), torch.float32), 'bias': TenserDef((64,), torch.float32)})
ForwardStartEvent("torch.nn.modules.activation.ReLU", [TenserDef((64, 64, 56, 56), torch.float32)], {})
ForwardEndEvent("torch.nn.modules.activation.ReLU", [TenserDef((64, 64, 56, 56), torch.float32)], {})
ForwardEndEvent("torchvision.models.resnet.BasicBlock", [TenserDef((64, 64, 56, 56), torch.float32)], {})
SpanEndEvent("torchvision.models.resnet.BasicBlock", 5028246480, 24.781958)
ForwardEndEvent("torch.nn.modules.container.Sequential", [TenserDef((64, 64, 56, 56), torch.float32)], {})
SpanEndEvent("torch.nn.modules.container.Sequential", 5028246096, 49.645458)
SpanStartEvent("torch.nn.modules.container.Sequential", 5028179104)
ForwardStartEvent("torch.nn.modules.container.Sequential", [TenserDef((64, 64, 56, 56), torch.float32)], {})
SpanStartEvent("torchvision.models.resnet.BasicBlock", 5028245568)
ForwardStartEvent("torchvision.models.resnet.BasicBlock", [TenserDef((64, 64, 56, 56), torch.float32)], {})
ForwardStartEvent("torch.nn.modules.conv.Conv2d", [TenserDef((64, 64, 56, 56), torch.float32)], {'weight': TenserDef((128, 64, 3, 3), torch.float32)})
ForwardEndEvent("torch.nn.modules.conv.Conv2d", [TenserDef((64, 128, 28, 28), torch.float32)], {'weight': TenserDef((128, 64, 3, 3), torch.float32)})
ForwardStartEvent("torch.nn.modules.batchnorm.BatchNorm2d", [TenserDef((64, 128, 28, 28), torch.float32)], {'weight': TenserDef((128,), torch.float32), 'bias': TenserDef((128,), torch.float32)})
ForwardEndEvent("torch.nn.modules.batchnorm.BatchNorm2d", [TenserDef((64, 128, 28, 28), torch.float32)], {'weight': TenserDef((128,), torch.float32), 'bias': TenserDef((128,), torch.float32)})
ForwardStartEvent("torch.nn.modules.activation.ReLU", [TenserDef((64, 128, 28, 28), torch.float32)], {})
ForwardEndEvent("torch.nn.modules.activation.ReLU", [TenserDef((64, 128, 28, 28), torch.float32)], {})
ForwardStartEvent("torch.nn.modules.conv.Conv2d", [TenserDef((64, 128, 28, 28), torch.float32)], {'weight': TenserDef((128, 128, 3, 3), torch.float32)})
ForwardEndEvent("torch.nn.modules.conv.Conv2d", [TenserDef((64, 128, 28, 28), torch.float32)], {'weight': TenserDef((128, 128, 3, 3), torch.float32)})
ForwardStartEvent("torch.nn.modules.batchnorm.BatchNorm2d", [TenserDef((64, 128, 28, 28), torch.float32)], {'weight': TenserDef((128,), torch.float32), 'bias': TenserDef((128,), torch.float32)})
ForwardEndEvent("torch.nn.modules.batchnorm.BatchNorm2d", [TenserDef((64, 128, 28, 28), torch.float32)], {'weight': TenserDef((128,), torch.float32), 'bias': TenserDef((128,), torch.float32)})
SpanStartEvent("torch.nn.modules.container.Sequential", 5028245952)
ForwardStartEvent("torch.nn.modules.container.Sequential", [TenserDef((64, 64, 56, 56), torch.float32)], {})
ForwardStartEvent("torch.nn.modules.conv.Conv2d", [TenserDef((64, 64, 56, 56), torch.float32)], {'weight': TenserDef((128, 64, 1, 1), torch.float32)})
ForwardEndEvent("torch.nn.modules.conv.Conv2d", [TenserDef((64, 128, 28, 28), torch.float32)], {'weight': TenserDef((128, 64, 1, 1), torch.float32)})
ForwardStartEvent("torch.nn.modules.batchnorm.BatchNorm2d", [TenserDef((64, 128, 28, 28), torch.float32)], {'weight': TenserDef((128,), torch.float32), 'bias': TenserDef((128,), torch.float32)})
ForwardEndEvent("torch.nn.modules.batchnorm.BatchNorm2d", [TenserDef((64, 128, 28, 28), torch.float32)], {'weight': TenserDef((128,), torch.float32), 'bias': TenserDef((128,), torch.float32)})
ForwardEndEvent("torch.nn.modules.container.Sequential", [TenserDef((64, 128, 28, 28), torch.float32)], {})
SpanEndEvent("torch.nn.modules.container.Sequential", 5028245952, 2.925167)
ForwardStartEvent("torch.nn.modules.activation.ReLU", [TenserDef((64, 128, 28, 28), torch.float32)], {})
ForwardEndEvent("torch.nn.modules.activation.ReLU", [TenserDef((64, 128, 28, 28), torch.float32)], {})
ForwardEndEvent("torchvision.models.resnet.BasicBlock", [TenserDef((64, 128, 28, 28), torch.float32)], {})
SpanEndEvent("torchvision.models.resnet.BasicBlock", 5028245568, 20.521167)
SpanStartEvent("torchvision.models.resnet.BasicBlock", 5028179248)
ForwardStartEvent("torchvision.models.resnet.BasicBlock", [TenserDef((64, 128, 28, 28), torch.float32)], {})
ForwardStartEvent("torch.nn.modules.conv.Conv2d", [TenserDef((64, 128, 28, 28), torch.float32)], {'weight': TenserDef((128, 128, 3, 3), torch.float32)})
ForwardEndEvent("torch.nn.modules.conv.Conv2d", [TenserDef((64, 128, 28, 28), torch.float32)], {'weight': TenserDef((128, 128, 3, 3), torch.float32)})
ForwardStartEvent("torch.nn.modules.batchnorm.BatchNorm2d", [TenserDef((64, 128, 28, 28), torch.float32)], {'weight': TenserDef((128,), torch.float32), 'bias': TenserDef((128,), torch.float32)})
ForwardEndEvent("torch.nn.modules.batchnorm.BatchNorm2d", [TenserDef((64, 128, 28, 28), torch.float32)], {'weight': TenserDef((128,), torch.float32), 'bias': TenserDef((128,), torch.float32)})
ForwardStartEvent("torch.nn.modules.activation.ReLU", [TenserDef((64, 128, 28, 28), torch.float32)], {})
ForwardEndEvent("torch.nn.modules.activation.ReLU", [TenserDef((64, 128, 28, 28), torch.float32)], {})
ForwardStartEvent("torch.nn.modules.conv.Conv2d", [TenserDef((64, 128, 28, 28), torch.float32)], {'weight': TenserDef((128, 128, 3, 3), torch.float32)})
ForwardEndEvent("torch.nn.modules.conv.Conv2d", [TenserDef((64, 128, 28, 28), torch.float32)], {'weight': TenserDef((128, 128, 3, 3), torch.float32)})
ForwardStartEvent("torch.nn.modules.batchnorm.BatchNorm2d", [TenserDef((64, 128, 28, 28), torch.float32)], {'weight': TenserDef((128,), torch.float32), 'bias': TenserDef((128,), torch.float32)})
ForwardEndEvent("torch.nn.modules.batchnorm.BatchNorm2d", [TenserDef((64, 128, 28, 28), torch.float32)], {'weight': TenserDef((128,), torch.float32), 'bias': TenserDef((128,), torch.float32)})
ForwardStartEvent("torch.nn.modules.activation.ReLU", [TenserDef((64, 128, 28, 28), torch.float32)], {})
ForwardEndEvent("torch.nn.modules.activation.ReLU", [TenserDef((64, 128, 28, 28), torch.float32)], {})
ForwardEndEvent("torchvision.models.resnet.BasicBlock", [TenserDef((64, 128, 28, 28), torch.float32)], {})
SpanEndEvent("torchvision.models.resnet.BasicBlock", 5028179248, 18.114667)
ForwardEndEvent("torch.nn.modules.container.Sequential", [TenserDef((64, 128, 28, 28), torch.float32)], {})
SpanEndEvent("torch.nn.modules.container.Sequential", 5028179104, 38.61325)
SpanStartEvent("torch.nn.modules.container.Sequential", 5028247296)
ForwardStartEvent("torch.nn.modules.container.Sequential", [TenserDef((64, 128, 28, 28), torch.float32)], {})
SpanStartEvent("torchvision.models.resnet.BasicBlock", 5028179920)
ForwardStartEvent("torchvision.models.resnet.BasicBlock", [TenserDef((64, 128, 28, 28), torch.float32)], {})
ForwardStartEvent("torch.nn.modules.conv.Conv2d", [TenserDef((64, 128, 28, 28), torch.float32)], {'weight': TenserDef((256, 128, 3, 3), torch.float32)})
ForwardEndEvent("torch.nn.modules.conv.Conv2d", [TenserDef((64, 256, 14, 14), torch.float32)], {'weight': TenserDef((256, 128, 3, 3), torch.float32)})
ForwardStartEvent("torch.nn.modules.batchnorm.BatchNorm2d", [TenserDef((64, 256, 14, 14), torch.float32)], {'weight': TenserDef((256,), torch.float32), 'bias': TenserDef((256,), torch.float32)})
ForwardEndEvent("torch.nn.modules.batchnorm.BatchNorm2d", [TenserDef((64, 256, 14, 14), torch.float32)], {'weight': TenserDef((256,), torch.float32), 'bias': TenserDef((256,), torch.float32)})
ForwardStartEvent("torch.nn.modules.activation.ReLU", [TenserDef((64, 256, 14, 14), torch.float32)], {})
ForwardEndEvent("torch.nn.modules.activation.ReLU", [TenserDef((64, 256, 14, 14), torch.float32)], {})
ForwardStartEvent("torch.nn.modules.conv.Conv2d", [TenserDef((64, 256, 14, 14), torch.float32)], {'weight': TenserDef((256, 256, 3, 3), torch.float32)})
ForwardEndEvent("torch.nn.modules.conv.Conv2d", [TenserDef((64, 256, 14, 14), torch.float32)], {'weight': TenserDef((256, 256, 3, 3), torch.float32)})
ForwardStartEvent("torch.nn.modules.batchnorm.BatchNorm2d", [TenserDef((64, 256, 14, 14), torch.float32)], {'weight': TenserDef((256,), torch.float32), 'bias': TenserDef((256,), torch.float32)})
ForwardEndEvent("torch.nn.modules.batchnorm.BatchNorm2d", [TenserDef((64, 256, 14, 14), torch.float32)], {'weight': TenserDef((256,), torch.float32), 'bias': TenserDef((256,), torch.float32)})
SpanStartEvent("torch.nn.modules.container.Sequential", 5028179872)
ForwardStartEvent("torch.nn.modules.container.Sequential", [TenserDef((64, 128, 28, 28), torch.float32)], {})
ForwardStartEvent("torch.nn.modules.conv.Conv2d", [TenserDef((64, 128, 28, 28), torch.float32)], {'weight': TenserDef((256, 128, 1, 1), torch.float32)})
ForwardEndEvent("torch.nn.modules.conv.Conv2d", [TenserDef((64, 256, 14, 14), torch.float32)], {'weight': TenserDef((256, 128, 1, 1), torch.float32)})
ForwardStartEvent("torch.nn.modules.batchnorm.BatchNorm2d", [TenserDef((64, 256, 14, 14), torch.float32)], {'weight': TenserDef((256,), torch.float32), 'bias': TenserDef((256,), torch.float32)})
ForwardEndEvent("torch.nn.modules.batchnorm.BatchNorm2d", [TenserDef((64, 256, 14, 14), torch.float32)], {'weight': TenserDef((256,), torch.float32), 'bias': TenserDef((256,), torch.float32)})
ForwardEndEvent("torch.nn.modules.container.Sequential", [TenserDef((64, 256, 14, 14), torch.float32)], {})
SpanEndEvent("torch.nn.modules.container.Sequential", 5028179872, 1.7045)
ForwardStartEvent("torch.nn.modules.activation.ReLU", [TenserDef((64, 256, 14, 14), torch.float32)], {})
ForwardEndEvent("torch.nn.modules.activation.ReLU", [TenserDef((64, 256, 14, 14), torch.float32)], {})
ForwardEndEvent("torchvision.models.resnet.BasicBlock", [TenserDef((64, 256, 14, 14), torch.float32)], {})
SpanEndEvent("torchvision.models.resnet.BasicBlock", 5028179920, 17.860916)
SpanStartEvent("torchvision.models.resnet.BasicBlock", 5028246432)
ForwardStartEvent("torchvision.models.resnet.BasicBlock", [TenserDef((64, 256, 14, 14), torch.float32)], {})
ForwardStartEvent("torch.nn.modules.conv.Conv2d", [TenserDef((64, 256, 14, 14), torch.float32)], {'weight': TenserDef((256, 256, 3, 3), torch.float32)})
ForwardEndEvent("torch.nn.modules.conv.Conv2d", [TenserDef((64, 256, 14, 14), torch.float32)], {'weight': TenserDef((256, 256, 3, 3), torch.float32)})
ForwardStartEvent("torch.nn.modules.batchnorm.BatchNorm2d", [TenserDef((64, 256, 14, 14), torch.float32)], {'weight': TenserDef((256,), torch.float32), 'bias': TenserDef((256,), torch.float32)})
ForwardEndEvent("torch.nn.modules.batchnorm.BatchNorm2d", [TenserDef((64, 256, 14, 14), torch.float32)], {'weight': TenserDef((256,), torch.float32), 'bias': TenserDef((256,), torch.float32)})
ForwardStartEvent("torch.nn.modules.activation.ReLU", [TenserDef((64, 256, 14, 14), torch.float32)], {})
ForwardEndEvent("torch.nn.modules.activation.ReLU", [TenserDef((64, 256, 14, 14), torch.float32)], {})
ForwardStartEvent("torch.nn.modules.conv.Conv2d", [TenserDef((64, 256, 14, 14), torch.float32)], {'weight': TenserDef((256, 256, 3, 3), torch.float32)})
ForwardEndEvent("torch.nn.modules.conv.Conv2d", [TenserDef((64, 256, 14, 14), torch.float32)], {'weight': TenserDef((256, 256, 3, 3), torch.float32)})
ForwardStartEvent("torch.nn.modules.batchnorm.BatchNorm2d", [TenserDef((64, 256, 14, 14), torch.float32)], {'weight': TenserDef((256,), torch.float32), 'bias': TenserDef((256,), torch.float32)})
ForwardEndEvent("torch.nn.modules.batchnorm.BatchNorm2d", [TenserDef((64, 256, 14, 14), torch.float32)], {'weight': TenserDef((256,), torch.float32), 'bias': TenserDef((256,), torch.float32)})
ForwardStartEvent("torch.nn.modules.activation.ReLU", [TenserDef((64, 256, 14, 14), torch.float32)], {})
ForwardEndEvent("torch.nn.modules.activation.ReLU", [TenserDef((64, 256, 14, 14), torch.float32)], {})
ForwardEndEvent("torchvision.models.resnet.BasicBlock", [TenserDef((64, 256, 14, 14), torch.float32)], {})
SpanEndEvent("torchvision.models.resnet.BasicBlock", 5028246432, 16.346833)
ForwardEndEvent("torch.nn.modules.container.Sequential", [TenserDef((64, 256, 14, 14), torch.float32)], {})
SpanEndEvent("torch.nn.modules.container.Sequential", 5028247296, 34.189084)
SpanStartEvent("torch.nn.modules.container.Sequential", 5028248064)
ForwardStartEvent("torch.nn.modules.container.Sequential", [TenserDef((64, 256, 14, 14), torch.float32)], {})
SpanStartEvent("torchvision.models.resnet.BasicBlock", 5028247728)
ForwardStartEvent("torchvision.models.resnet.BasicBlock", [TenserDef((64, 256, 14, 14), torch.float32)], {})
ForwardStartEvent("torch.nn.modules.conv.Conv2d", [TenserDef((64, 256, 14, 14), torch.float32)], {'weight': TenserDef((512, 256, 3, 3), torch.float32)})
ForwardEndEvent("torch.nn.modules.conv.Conv2d", [TenserDef((64, 512, 7, 7), torch.float32)], {'weight': TenserDef((512, 256, 3, 3), torch.float32)})
ForwardStartEvent("torch.nn.modules.batchnorm.BatchNorm2d", [TenserDef((64, 512, 7, 7), torch.float32)], {'weight': TenserDef((512,), torch.float32), 'bias': TenserDef((512,), torch.float32)})
ForwardEndEvent("torch.nn.modules.batchnorm.BatchNorm2d", [TenserDef((64, 512, 7, 7), torch.float32)], {'weight': TenserDef((512,), torch.float32), 'bias': TenserDef((512,), torch.float32)})
ForwardStartEvent("torch.nn.modules.activation.ReLU", [TenserDef((64, 512, 7, 7), torch.float32)], {})
ForwardEndEvent("torch.nn.modules.activation.ReLU", [TenserDef((64, 512, 7, 7), torch.float32)], {})
ForwardStartEvent("torch.nn.modules.conv.Conv2d", [TenserDef((64, 512, 7, 7), torch.float32)], {'weight': TenserDef((512, 512, 3, 3), torch.float32)})
ForwardEndEvent("torch.nn.modules.conv.Conv2d", [TenserDef((64, 512, 7, 7), torch.float32)], {'weight': TenserDef((512, 512, 3, 3), torch.float32)})
ForwardStartEvent("torch.nn.modules.batchnorm.BatchNorm2d", [TenserDef((64, 512, 7, 7), torch.float32)], {'weight': TenserDef((512,), torch.float32), 'bias': TenserDef((512,), torch.float32)})
ForwardEndEvent("torch.nn.modules.batchnorm.BatchNorm2d", [TenserDef((64, 512, 7, 7), torch.float32)], {'weight': TenserDef((512,), torch.float32), 'bias': TenserDef((512,), torch.float32)})
SpanStartEvent("torch.nn.modules.container.Sequential", 5028247680)
ForwardStartEvent("torch.nn.modules.container.Sequential", [TenserDef((64, 256, 14, 14), torch.float32)], {})
ForwardStartEvent("torch.nn.modules.conv.Conv2d", [TenserDef((64, 256, 14, 14), torch.float32)], {'weight': TenserDef((512, 256, 1, 1), torch.float32)})
ForwardEndEvent("torch.nn.modules.conv.Conv2d", [TenserDef((64, 512, 7, 7), torch.float32)], {'weight': TenserDef((512, 256, 1, 1), torch.float32)})
ForwardStartEvent("torch.nn.modules.batchnorm.BatchNorm2d", [TenserDef((64, 512, 7, 7), torch.float32)], {'weight': TenserDef((512,), torch.float32), 'bias': TenserDef((512,), torch.float32)})
ForwardEndEvent("torch.nn.modules.batchnorm.BatchNorm2d", [TenserDef((64, 512, 7, 7), torch.float32)], {'weight': TenserDef((512,), torch.float32), 'bias': TenserDef((512,), torch.float32)})
ForwardEndEvent("torch.nn.modules.container.Sequential", [TenserDef((64, 512, 7, 7), torch.float32)], {})
SpanEndEvent("torch.nn.modules.container.Sequential", 5028247680, 1.307875)
ForwardStartEvent("torch.nn.modules.activation.ReLU", [TenserDef((64, 512, 7, 7), torch.float32)], {})
ForwardEndEvent("torch.nn.modules.activation.ReLU", [TenserDef((64, 512, 7, 7), torch.float32)], {})
ForwardEndEvent("torchvision.models.resnet.BasicBlock", [TenserDef((64, 512, 7, 7), torch.float32)], {})
SpanEndEvent("torchvision.models.resnet.BasicBlock", 5028247728, 20.457667)
SpanStartEvent("torchvision.models.resnet.BasicBlock", 5028247968)
ForwardStartEvent("torchvision.models.resnet.BasicBlock", [TenserDef((64, 512, 7, 7), torch.float32)], {})
ForwardStartEvent("torch.nn.modules.conv.Conv2d", [TenserDef((64, 512, 7, 7), torch.float32)], {'weight': TenserDef((512, 512, 3, 3), torch.float32)})
ForwardEndEvent("torch.nn.modules.conv.Conv2d", [TenserDef((64, 512, 7, 7), torch.float32)], {'weight': TenserDef((512, 512, 3, 3), torch.float32)})
ForwardStartEvent("torch.nn.modules.batchnorm.BatchNorm2d", [TenserDef((64, 512, 7, 7), torch.float32)], {'weight': TenserDef((512,), torch.float32), 'bias': TenserDef((512,), torch.float32)})
ForwardEndEvent("torch.nn.modules.batchnorm.BatchNorm2d", [TenserDef((64, 512, 7, 7), torch.float32)], {'weight': TenserDef((512,), torch.float32), 'bias': TenserDef((512,), torch.float32)})
ForwardStartEvent("torch.nn.modules.activation.ReLU", [TenserDef((64, 512, 7, 7), torch.float32)], {})
ForwardEndEvent("torch.nn.modules.activation.ReLU", [TenserDef((64, 512, 7, 7), torch.float32)], {})
ForwardStartEvent("torch.nn.modules.conv.Conv2d", [TenserDef((64, 512, 7, 7), torch.float32)], {'weight': TenserDef((512, 512, 3, 3), torch.float32)})
ForwardEndEvent("torch.nn.modules.conv.Conv2d", [TenserDef((64, 512, 7, 7), torch.float32)], {'weight': TenserDef((512, 512, 3, 3), torch.float32)})
ForwardStartEvent("torch.nn.modules.batchnorm.BatchNorm2d", [TenserDef((64, 512, 7, 7), torch.float32)], {'weight': TenserDef((512,), torch.float32), 'bias': TenserDef((512,), torch.float32)})
ForwardEndEvent("torch.nn.modules.batchnorm.BatchNorm2d", [TenserDef((64, 512, 7, 7), torch.float32)], {'weight': TenserDef((512,), torch.float32), 'bias': TenserDef((512,), torch.float32)})
ForwardStartEvent("torch.nn.modules.activation.ReLU", [TenserDef((64, 512, 7, 7), torch.float32)], {})
ForwardEndEvent("torch.nn.modules.activation.ReLU", [TenserDef((64, 512, 7, 7), torch.float32)], {})
ForwardEndEvent("torchvision.models.resnet.BasicBlock", [TenserDef((64, 512, 7, 7), torch.float32)], {})
SpanEndEvent("torchvision.models.resnet.BasicBlock", 5028247968, 18.572667)
ForwardEndEvent("torch.nn.modules.container.Sequential", [TenserDef((64, 512, 7, 7), torch.float32)], {})
SpanEndEvent("torch.nn.modules.container.Sequential", 5028248064, 38.996916999999996)
ForwardStartEvent("torch.nn.modules.pooling.AdaptiveAvgPool2d", [TenserDef((64, 512, 7, 7), torch.float32)], {})
ForwardEndEvent("torch.nn.modules.pooling.AdaptiveAvgPool2d", [TenserDef((64, 512, 1, 1), torch.float32)], {})
ForwardStartEvent("torch.nn.modules.linear.Linear", [TenserDef((64, 512), torch.float32)], {'weight': TenserDef((1000, 512), torch.float32), 'bias': TenserDef((1000,), torch.float32)})
ForwardEndEvent("torch.nn.modules.linear.Linear", [TenserDef((64, 1000), torch.float32)], {'weight': TenserDef((1000, 512), torch.float32), 'bias': TenserDef((1000,), torch.float32)})
ForwardEndEvent("torchvision.models.resnet.ResNet", [TenserDef((64, 1000), torch.float32)], {})
SpanEndEvent("torchvision.models.resnet.ResNet", 5027911376, 207.933125)
SpanStartEvent("torchvision.models.resnet.ResNet", 5027911376)
BackwardStartEvent("torchvision.models.resnet.ResNet", [TenserDef((64, 1000), torch.float32)], {})
BackwardEndEvent("torchvision.models.resnet.ResNet", [TenserDef((64, 1000), torch.float32)], {})
SpanEndEvent("torchvision.models.resnet.ResNet", 5027911376, 0)
SpanStartEvent("torchvision.models.resnet.BasicBlock", 5028247968)
BackwardStartEvent("torchvision.models.resnet.BasicBlock", [TenserDef((64, 512, 7, 7), torch.float32)], {})
BackwardEndEvent("torchvision.models.resnet.BasicBlock", [TenserDef((64, 512, 7, 7), torch.float32)], {})
SpanEndEvent("torchvision.models.resnet.BasicBlock", 5028247968, 50.958)
SpanStartEvent("torchvision.models.resnet.BasicBlock", 5028247728)
BackwardStartEvent("torchvision.models.resnet.BasicBlock", [TenserDef((64, 512, 7, 7), torch.float32)], {})
BackwardEndEvent("torchvision.models.resnet.BasicBlock", [TenserDef((64, 512, 7, 7), torch.float32)], {})
SpanEndEvent("torchvision.models.resnet.BasicBlock", 5028247728, 67.046292)
SpanStartEvent("torchvision.models.resnet.BasicBlock", 5028246432)
BackwardStartEvent("torchvision.models.resnet.BasicBlock", [TenserDef((64, 256, 14, 14), torch.float32)], {})
BackwardEndEvent("torchvision.models.resnet.BasicBlock", [TenserDef((64, 256, 14, 14), torch.float32)], {})
SpanEndEvent("torchvision.models.resnet.BasicBlock", 5028246432, 49.93825)
SpanStartEvent("torchvision.models.resnet.BasicBlock", 5028179920)
BackwardStartEvent("torchvision.models.resnet.BasicBlock", [TenserDef((64, 256, 14, 14), torch.float32)], {})
BackwardEndEvent("torchvision.models.resnet.BasicBlock", [TenserDef((64, 256, 14, 14), torch.float32)], {})
SpanEndEvent("torchvision.models.resnet.BasicBlock", 5028179920, 56.793082999999996)
SpanStartEvent("torchvision.models.resnet.BasicBlock", 5028179248)
BackwardStartEvent("torchvision.models.resnet.BasicBlock", [TenserDef((64, 128, 28, 28), torch.float32)], {})
BackwardEndEvent("torchvision.models.resnet.BasicBlock", [TenserDef((64, 128, 28, 28), torch.float32)], {})
SpanEndEvent("torchvision.models.resnet.BasicBlock", 5028179248, 41.736332999999995)
SpanStartEvent("torchvision.models.resnet.BasicBlock", 5028245568)
BackwardStartEvent("torchvision.models.resnet.BasicBlock", [TenserDef((64, 128, 28, 28), torch.float32)], {})
BackwardEndEvent("torchvision.models.resnet.BasicBlock", [TenserDef((64, 128, 28, 28), torch.float32)], {})
SpanEndEvent("torchvision.models.resnet.BasicBlock", 5028245568, 58.326083)
SpanStartEvent("torchvision.models.resnet.BasicBlock", 5028246480)
BackwardStartEvent("torchvision.models.resnet.BasicBlock", [TenserDef((64, 64, 56, 56), torch.float32)], {})
BackwardEndEvent("torchvision.models.resnet.BasicBlock", [TenserDef((64, 64, 56, 56), torch.float32)], {})
SpanEndEvent("torchvision.models.resnet.BasicBlock", 5028246480, 52.306374999999996)
SpanStartEvent("torchvision.models.resnet.BasicBlock", 5028246576)
BackwardStartEvent("torchvision.models.resnet.BasicBlock", [TenserDef((64, 64, 56, 56), torch.float32)], {})
BackwardEndEvent("torchvision.models.resnet.BasicBlock", [TenserDef((64, 64, 56, 56), torch.float32)], {})
SpanEndEvent("torchvision.models.resnet.BasicBlock", 5028246576, 52.02175)
SpanStartEvent("torchvision.models.resnet.ResNet", 5027911376)
ForwardStartEvent("torchvision.models.resnet.ResNet", [TenserDef((64, 3, 224, 224), torch.float32)], {})
ForwardStartEvent("torch.nn.modules.conv.Conv2d", [TenserDef((64, 3, 224, 224), torch.float32)], {'weight': TenserDef((64, 3, 7, 7), torch.float32)})
ForwardEndEvent("torch.nn.modules.conv.Conv2d", [TenserDef((64, 64, 112, 112), torch.float32)], {'weight': TenserDef((64, 3, 7, 7), torch.float32)})
ForwardStartEvent("torch.nn.modules.batchnorm.BatchNorm2d", [TenserDef((64, 64, 112, 112), torch.float32)], {'weight': TenserDef((64,), torch.float32), 'bias': TenserDef((64,), torch.float32)})
ForwardEndEvent("torch.nn.modules.batchnorm.BatchNorm2d", [TenserDef((64, 64, 112, 112), torch.float32)], {'weight': TenserDef((64,), torch.float32), 'bias': TenserDef((64,), torch.float32)})
ForwardStartEvent("torch.nn.modules.activation.ReLU", [TenserDef((64, 64, 112, 112), torch.float32)], {})
ForwardEndEvent("torch.nn.modules.activation.ReLU", [TenserDef((64, 64, 112, 112), torch.float32)], {})
ForwardStartEvent("torch.nn.modules.pooling.MaxPool2d", [TenserDef((64, 64, 112, 112), torch.float32)], {})
ForwardEndEvent("torch.nn.modules.pooling.MaxPool2d", [TenserDef((64, 64, 56, 56), torch.float32)], {})
SpanStartEvent("torch.nn.modules.container.Sequential", 5028246096)
ForwardStartEvent("torch.nn.modules.container.Sequential", [TenserDef((64, 64, 56, 56), torch.float32)], {})
SpanStartEvent("torchvision.models.resnet.BasicBlock", 5028246576)
ForwardStartEvent("torchvision.models.resnet.BasicBlock", [TenserDef((64, 64, 56, 56), torch.float32)], {})
ForwardStartEvent("torch.nn.modules.conv.Conv2d", [TenserDef((64, 64, 56, 56), torch.float32)], {'weight': TenserDef((64, 64, 3, 3), torch.float32)})
ForwardEndEvent("torch.nn.modules.conv.Conv2d", [TenserDef((64, 64, 56, 56), torch.float32)], {'weight': TenserDef((64, 64, 3, 3), torch.float32)})
ForwardStartEvent("torch.nn.modules.batchnorm.BatchNorm2d", [TenserDef((64, 64, 56, 56), torch.float32)], {'weight': TenserDef((64,), torch.float32), 'bias': TenserDef((64,), torch.float32)})
ForwardEndEvent("torch.nn.modules.batchnorm.BatchNorm2d", [TenserDef((64, 64, 56, 56), torch.float32)], {'weight': TenserDef((64,), torch.float32), 'bias': TenserDef((64,), torch.float32)})
ForwardStartEvent("torch.nn.modules.activation.ReLU", [TenserDef((64, 64, 56, 56), torch.float32)], {})
ForwardEndEvent("torch.nn.modules.activation.ReLU", [TenserDef((64, 64, 56, 56), torch.float32)], {})
ForwardStartEvent("torch.nn.modules.conv.Conv2d", [TenserDef((64, 64, 56, 56), torch.float32)], {'weight': TenserDef((64, 64, 3, 3), torch.float32)})
ForwardEndEvent("torch.nn.modules.conv.Conv2d", [TenserDef((64, 64, 56, 56), torch.float32)], {'weight': TenserDef((64, 64, 3, 3), torch.float32)})
ForwardStartEvent("torch.nn.modules.batchnorm.BatchNorm2d", [TenserDef((64, 64, 56, 56), torch.float32)], {'weight': TenserDef((64,), torch.float32), 'bias': TenserDef((64,), torch.float32)})
ForwardEndEvent("torch.nn.modules.batchnorm.BatchNorm2d", [TenserDef((64, 64, 56, 56), torch.float32)], {'weight': TenserDef((64,), torch.float32), 'bias': TenserDef((64,), torch.float32)})
ForwardStartEvent("torch.nn.modules.activation.ReLU", [TenserDef((64, 64, 56, 56), torch.float32)], {})
ForwardEndEvent("torch.nn.modules.activation.ReLU", [TenserDef((64, 64, 56, 56), torch.float32)], {})
ForwardEndEvent("torchvision.models.resnet.BasicBlock", [TenserDef((64, 64, 56, 56), torch.float32)], {})
SpanEndEvent("torchvision.models.resnet.BasicBlock", 5028246576, 24.761667)
SpanStartEvent("torchvision.models.resnet.BasicBlock", 5028246480)
ForwardStartEvent("torchvision.models.resnet.BasicBlock", [TenserDef((64, 64, 56, 56), torch.float32)], {})
ForwardStartEvent("torch.nn.modules.conv.Conv2d", [TenserDef((64, 64, 56, 56), torch.float32)], {'weight': TenserDef((64, 64, 3, 3), torch.float32)})
ForwardEndEvent("torch.nn.modules.conv.Conv2d", [TenserDef((64, 64, 56, 56), torch.float32)], {'weight': TenserDef((64, 64, 3, 3), torch.float32)})
ForwardStartEvent("torch.nn.modules.batchnorm.BatchNorm2d", [TenserDef((64, 64, 56, 56), torch.float32)], {'weight': TenserDef((64,), torch.float32), 'bias': TenserDef((64,), torch.float32)})
ForwardEndEvent("torch.nn.modules.batchnorm.BatchNorm2d", [TenserDef((64, 64, 56, 56), torch.float32)], {'weight': TenserDef((64,), torch.float32), 'bias': TenserDef((64,), torch.float32)})
ForwardStartEvent("torch.nn.modules.activation.ReLU", [TenserDef((64, 64, 56, 56), torch.float32)], {})
ForwardEndEvent("torch.nn.modules.activation.ReLU", [TenserDef((64, 64, 56, 56), torch.float32)], {})
ForwardStartEvent("torch.nn.modules.conv.Conv2d", [TenserDef((64, 64, 56, 56), torch.float32)], {'weight': TenserDef((64, 64, 3, 3), torch.float32)})
ForwardEndEvent("torch.nn.modules.conv.Conv2d", [TenserDef((64, 64, 56, 56), torch.float32)], {'weight': TenserDef((64, 64, 3, 3), torch.float32)})
ForwardStartEvent("torch.nn.modules.batchnorm.BatchNorm2d", [TenserDef((64, 64, 56, 56), torch.float32)], {'weight': TenserDef((64,), torch.float32), 'bias': TenserDef((64,), torch.float32)})
ForwardEndEvent("torch.nn.modules.batchnorm.BatchNorm2d", [TenserDef((64, 64, 56, 56), torch.float32)], {'weight': TenserDef((64,), torch.float32), 'bias': TenserDef((64,), torch.float32)})
ForwardStartEvent("torch.nn.modules.activation.ReLU", [TenserDef((64, 64, 56, 56), torch.float32)], {})
ForwardEndEvent("torch.nn.modules.activation.ReLU", [TenserDef((64, 64, 56, 56), torch.float32)], {})
ForwardEndEvent("torchvision.models.resnet.BasicBlock", [TenserDef((64, 64, 56, 56), torch.float32)], {})
SpanEndEvent("torchvision.models.resnet.BasicBlock", 5028246480, 24.603834)
ForwardEndEvent("torch.nn.modules.container.Sequential", [TenserDef((64, 64, 56, 56), torch.float32)], {})
SpanEndEvent("torch.nn.modules.container.Sequential", 5028246096, 49.369583999999996)
SpanStartEvent("torch.nn.modules.container.Sequential", 5028179104)
ForwardStartEvent("torch.nn.modules.container.Sequential", [TenserDef((64, 64, 56, 56), torch.float32)], {})
SpanStartEvent("torchvision.models.resnet.BasicBlock", 5028245568)
ForwardStartEvent("torchvision.models.resnet.BasicBlock", [TenserDef((64, 64, 56, 56), torch.float32)], {})
ForwardStartEvent("torch.nn.modules.conv.Conv2d", [TenserDef((64, 64, 56, 56), torch.float32)], {'weight': TenserDef((128, 64, 3, 3), torch.float32)})
ForwardEndEvent("torch.nn.modules.conv.Conv2d", [TenserDef((64, 128, 28, 28), torch.float32)], {'weight': TenserDef((128, 64, 3, 3), torch.float32)})
ForwardStartEvent("torch.nn.modules.batchnorm.BatchNorm2d", [TenserDef((64, 128, 28, 28), torch.float32)], {'weight': TenserDef((128,), torch.float32), 'bias': TenserDef((128,), torch.float32)})
ForwardEndEvent("torch.nn.modules.batchnorm.BatchNorm2d", [TenserDef((64, 128, 28, 28), torch.float32)], {'weight': TenserDef((128,), torch.float32), 'bias': TenserDef((128,), torch.float32)})
ForwardStartEvent("torch.nn.modules.activation.ReLU", [TenserDef((64, 128, 28, 28), torch.float32)], {})
ForwardEndEvent("torch.nn.modules.activation.ReLU", [TenserDef((64, 128, 28, 28), torch.float32)], {})
ForwardStartEvent("torch.nn.modules.conv.Conv2d", [TenserDef((64, 128, 28, 28), torch.float32)], {'weight': TenserDef((128, 128, 3, 3), torch.float32)})
ForwardEndEvent("torch.nn.modules.conv.Conv2d", [TenserDef((64, 128, 28, 28), torch.float32)], {'weight': TenserDef((128, 128, 3, 3), torch.float32)})
ForwardStartEvent("torch.nn.modules.batchnorm.BatchNorm2d", [TenserDef((64, 128, 28, 28), torch.float32)], {'weight': TenserDef((128,), torch.float32), 'bias': TenserDef((128,), torch.float32)})
ForwardEndEvent("torch.nn.modules.batchnorm.BatchNorm2d", [TenserDef((64, 128, 28, 28), torch.float32)], {'weight': TenserDef((128,), torch.float32), 'bias': TenserDef((128,), torch.float32)})
SpanStartEvent("torch.nn.modules.container.Sequential", 5028245952)
ForwardStartEvent("torch.nn.modules.container.Sequential", [TenserDef((64, 64, 56, 56), torch.float32)], {})
ForwardStartEvent("torch.nn.modules.conv.Conv2d", [TenserDef((64, 64, 56, 56), torch.float32)], {'weight': TenserDef((128, 64, 1, 1), torch.float32)})
ForwardEndEvent("torch.nn.modules.conv.Conv2d", [TenserDef((64, 128, 28, 28), torch.float32)], {'weight': TenserDef((128, 64, 1, 1), torch.float32)})
ForwardStartEvent("torch.nn.modules.batchnorm.BatchNorm2d", [TenserDef((64, 128, 28, 28), torch.float32)], {'weight': TenserDef((128,), torch.float32), 'bias': TenserDef((128,), torch.float32)})
ForwardEndEvent("torch.nn.modules.batchnorm.BatchNorm2d", [TenserDef((64, 128, 28, 28), torch.float32)], {'weight': TenserDef((128,), torch.float32), 'bias': TenserDef((128,), torch.float32)})
ForwardEndEvent("torch.nn.modules.container.Sequential", [TenserDef((64, 128, 28, 28), torch.float32)], {})
SpanEndEvent("torch.nn.modules.container.Sequential", 5028245952, 2.8413749999999998)
ForwardStartEvent("torch.nn.modules.activation.ReLU", [TenserDef((64, 128, 28, 28), torch.float32)], {})
ForwardEndEvent("torch.nn.modules.activation.ReLU", [TenserDef((64, 128, 28, 28), torch.float32)], {})
ForwardEndEvent("torchvision.models.resnet.BasicBlock", [TenserDef((64, 128, 28, 28), torch.float32)], {})
SpanEndEvent("torchvision.models.resnet.BasicBlock", 5028245568, 20.402084)
SpanStartEvent("torchvision.models.resnet.BasicBlock", 5028179248)
ForwardStartEvent("torchvision.models.resnet.BasicBlock", [TenserDef((64, 128, 28, 28), torch.float32)], {})
ForwardStartEvent("torch.nn.modules.conv.Conv2d", [TenserDef((64, 128, 28, 28), torch.float32)], {'weight': TenserDef((128, 128, 3, 3), torch.float32)})
ForwardEndEvent("torch.nn.modules.conv.Conv2d", [TenserDef((64, 128, 28, 28), torch.float32)], {'weight': TenserDef((128, 128, 3, 3), torch.float32)})
ForwardStartEvent("torch.nn.modules.batchnorm.BatchNorm2d", [TenserDef((64, 128, 28, 28), torch.float32)], {'weight': TenserDef((128,), torch.float32), 'bias': TenserDef((128,), torch.float32)})
ForwardEndEvent("torch.nn.modules.batchnorm.BatchNorm2d", [TenserDef((64, 128, 28, 28), torch.float32)], {'weight': TenserDef((128,), torch.float32), 'bias': TenserDef((128,), torch.float32)})
ForwardStartEvent("torch.nn.modules.activation.ReLU", [TenserDef((64, 128, 28, 28), torch.float32)], {})
ForwardEndEvent("torch.nn.modules.activation.ReLU", [TenserDef((64, 128, 28, 28), torch.float32)], {})
ForwardStartEvent("torch.nn.modules.conv.Conv2d", [TenserDef((64, 128, 28, 28), torch.float32)], {'weight': TenserDef((128, 128, 3, 3), torch.float32)})
ForwardEndEvent("torch.nn.modules.conv.Conv2d", [TenserDef((64, 128, 28, 28), torch.float32)], {'weight': TenserDef((128, 128, 3, 3), torch.float32)})
ForwardStartEvent("torch.nn.modules.batchnorm.BatchNorm2d", [TenserDef((64, 128, 28, 28), torch.float32)], {'weight': TenserDef((128,), torch.float32), 'bias': TenserDef((128,), torch.float32)})
ForwardEndEvent("torch.nn.modules.batchnorm.BatchNorm2d", [TenserDef((64, 128, 28, 28), torch.float32)], {'weight': TenserDef((128,), torch.float32), 'bias': TenserDef((128,), torch.float32)})
ForwardStartEvent("torch.nn.modules.activation.ReLU", [TenserDef((64, 128, 28, 28), torch.float32)], {})
ForwardEndEvent("torch.nn.modules.activation.ReLU", [TenserDef((64, 128, 28, 28), torch.float32)], {})
ForwardEndEvent("torchvision.models.resnet.BasicBlock", [TenserDef((64, 128, 28, 28), torch.float32)], {})
SpanEndEvent("torchvision.models.resnet.BasicBlock", 5028179248, 18.638333)
ForwardEndEvent("torch.nn.modules.container.Sequential", [TenserDef((64, 128, 28, 28), torch.float32)], {})
SpanEndEvent("torch.nn.modules.container.Sequential", 5028179104, 39.024291999999996)
SpanStartEvent("torch.nn.modules.container.Sequential", 5028247296)
ForwardStartEvent("torch.nn.modules.container.Sequential", [TenserDef((64, 128, 28, 28), torch.float32)], {})
SpanStartEvent("torchvision.models.resnet.BasicBlock", 5028179920)
ForwardStartEvent("torchvision.models.resnet.BasicBlock", [TenserDef((64, 128, 28, 28), torch.float32)], {})
ForwardStartEvent("torch.nn.modules.conv.Conv2d", [TenserDef((64, 128, 28, 28), torch.float32)], {'weight': TenserDef((256, 128, 3, 3), torch.float32)})
ForwardEndEvent("torch.nn.modules.conv.Conv2d", [TenserDef((64, 256, 14, 14), torch.float32)], {'weight': TenserDef((256, 128, 3, 3), torch.float32)})
ForwardStartEvent("torch.nn.modules.batchnorm.BatchNorm2d", [TenserDef((64, 256, 14, 14), torch.float32)], {'weight': TenserDef((256,), torch.float32), 'bias': TenserDef((256,), torch.float32)})
ForwardEndEvent("torch.nn.modules.batchnorm.BatchNorm2d", [TenserDef((64, 256, 14, 14), torch.float32)], {'weight': TenserDef((256,), torch.float32), 'bias': TenserDef((256,), torch.float32)})
ForwardStartEvent("torch.nn.modules.activation.ReLU", [TenserDef((64, 256, 14, 14), torch.float32)], {})
ForwardEndEvent("torch.nn.modules.activation.ReLU", [TenserDef((64, 256, 14, 14), torch.float32)], {})
ForwardStartEvent("torch.nn.modules.conv.Conv2d", [TenserDef((64, 256, 14, 14), torch.float32)], {'weight': TenserDef((256, 256, 3, 3), torch.float32)})
ForwardEndEvent("torch.nn.modules.conv.Conv2d", [TenserDef((64, 256, 14, 14), torch.float32)], {'weight': TenserDef((256, 256, 3, 3), torch.float32)})
ForwardStartEvent("torch.nn.modules.batchnorm.BatchNorm2d", [TenserDef((64, 256, 14, 14), torch.float32)], {'weight': TenserDef((256,), torch.float32), 'bias': TenserDef((256,), torch.float32)})
ForwardEndEvent("torch.nn.modules.batchnorm.BatchNorm2d", [TenserDef((64, 256, 14, 14), torch.float32)], {'weight': TenserDef((256,), torch.float32), 'bias': TenserDef((256,), torch.float32)})
SpanStartEvent("torch.nn.modules.container.Sequential", 5028179872)
ForwardStartEvent("torch.nn.modules.container.Sequential", [TenserDef((64, 128, 28, 28), torch.float32)], {})
ForwardStartEvent("torch.nn.modules.conv.Conv2d", [TenserDef((64, 128, 28, 28), torch.float32)], {'weight': TenserDef((256, 128, 1, 1), torch.float32)})
ForwardEndEvent("torch.nn.modules.conv.Conv2d", [TenserDef((64, 256, 14, 14), torch.float32)], {'weight': TenserDef((256, 128, 1, 1), torch.float32)})
ForwardStartEvent("torch.nn.modules.batchnorm.BatchNorm2d", [TenserDef((64, 256, 14, 14), torch.float32)], {'weight': TenserDef((256,), torch.float32), 'bias': TenserDef((256,), torch.float32)})
ForwardEndEvent("torch.nn.modules.batchnorm.BatchNorm2d", [TenserDef((64, 256, 14, 14), torch.float32)], {'weight': TenserDef((256,), torch.float32), 'bias': TenserDef((256,), torch.float32)})
ForwardEndEvent("torch.nn.modules.container.Sequential", [TenserDef((64, 256, 14, 14), torch.float32)], {})
SpanEndEvent("torch.nn.modules.container.Sequential", 5028179872, 1.6867919999999998)
ForwardStartEvent("torch.nn.modules.activation.ReLU", [TenserDef((64, 256, 14, 14), torch.float32)], {})
ForwardEndEvent("torch.nn.modules.activation.ReLU", [TenserDef((64, 256, 14, 14), torch.float32)], {})
ForwardEndEvent("torchvision.models.resnet.BasicBlock", [TenserDef((64, 256, 14, 14), torch.float32)], {})
SpanEndEvent("torchvision.models.resnet.BasicBlock", 5028179920, 17.9455)
SpanStartEvent("torchvision.models.resnet.BasicBlock", 5028246432)
ForwardStartEvent("torchvision.models.resnet.BasicBlock", [TenserDef((64, 256, 14, 14), torch.float32)], {})
ForwardStartEvent("torch.nn.modules.conv.Conv2d", [TenserDef((64, 256, 14, 14), torch.float32)], {'weight': TenserDef((256, 256, 3, 3), torch.float32)})
ForwardEndEvent("torch.nn.modules.conv.Conv2d", [TenserDef((64, 256, 14, 14), torch.float32)], {'weight': TenserDef((256, 256, 3, 3), torch.float32)})
ForwardStartEvent("torch.nn.modules.batchnorm.BatchNorm2d", [TenserDef((64, 256, 14, 14), torch.float32)], {'weight': TenserDef((256,), torch.float32), 'bias': TenserDef((256,), torch.float32)})
ForwardEndEvent("torch.nn.modules.batchnorm.BatchNorm2d", [TenserDef((64, 256, 14, 14), torch.float32)], {'weight': TenserDef((256,), torch.float32), 'bias': TenserDef((256,), torch.float32)})
ForwardStartEvent("torch.nn.modules.activation.ReLU", [TenserDef((64, 256, 14, 14), torch.float32)], {})
ForwardEndEvent("torch.nn.modules.activation.ReLU", [TenserDef((64, 256, 14, 14), torch.float32)], {})
ForwardStartEvent("torch.nn.modules.conv.Conv2d", [TenserDef((64, 256, 14, 14), torch.float32)], {'weight': TenserDef((256, 256, 3, 3), torch.float32)})
ForwardEndEvent("torch.nn.modules.conv.Conv2d", [TenserDef((64, 256, 14, 14), torch.float32)], {'weight': TenserDef((256, 256, 3, 3), torch.float32)})
ForwardStartEvent("torch.nn.modules.batchnorm.BatchNorm2d", [TenserDef((64, 256, 14, 14), torch.float32)], {'weight': TenserDef((256,), torch.float32), 'bias': TenserDef((256,), torch.float32)})
ForwardEndEvent("torch.nn.modules.batchnorm.BatchNorm2d", [TenserDef((64, 256, 14, 14), torch.float32)], {'weight': TenserDef((256,), torch.float32), 'bias': TenserDef((256,), torch.float32)})
ForwardStartEvent("torch.nn.modules.activation.ReLU", [TenserDef((64, 256, 14, 14), torch.float32)], {})
ForwardEndEvent("torch.nn.modules.activation.ReLU", [TenserDef((64, 256, 14, 14), torch.float32)], {})
ForwardEndEvent("torchvision.models.resnet.BasicBlock", [TenserDef((64, 256, 14, 14), torch.float32)], {})
SpanEndEvent("torchvision.models.resnet.BasicBlock", 5028246432, 16.876084)
ForwardEndEvent("torch.nn.modules.container.Sequential", [TenserDef((64, 256, 14, 14), torch.float32)], {})
SpanEndEvent("torch.nn.modules.container.Sequential", 5028247296, 34.807165999999995)
SpanStartEvent("torch.nn.modules.container.Sequential", 5028248064)
ForwardStartEvent("torch.nn.modules.container.Sequential", [TenserDef((64, 256, 14, 14), torch.float32)], {})
SpanStartEvent("torchvision.models.resnet.BasicBlock", 5028247728)
ForwardStartEvent("torchvision.models.resnet.BasicBlock", [TenserDef((64, 256, 14, 14), torch.float32)], {})
ForwardStartEvent("torch.nn.modules.conv.Conv2d", [TenserDef((64, 256, 14, 14), torch.float32)], {'weight': TenserDef((512, 256, 3, 3), torch.float32)})
ForwardEndEvent("torch.nn.modules.conv.Conv2d", [TenserDef((64, 512, 7, 7), torch.float32)], {'weight': TenserDef((512, 256, 3, 3), torch.float32)})
ForwardStartEvent("torch.nn.modules.batchnorm.BatchNorm2d", [TenserDef((64, 512, 7, 7), torch.float32)], {'weight': TenserDef((512,), torch.float32), 'bias': TenserDef((512,), torch.float32)})
ForwardEndEvent("torch.nn.modules.batchnorm.BatchNorm2d", [TenserDef((64, 512, 7, 7), torch.float32)], {'weight': TenserDef((512,), torch.float32), 'bias': TenserDef((512,), torch.float32)})
ForwardStartEvent("torch.nn.modules.activation.ReLU", [TenserDef((64, 512, 7, 7), torch.float32)], {})
ForwardEndEvent("torch.nn.modules.activation.ReLU", [TenserDef((64, 512, 7, 7), torch.float32)], {})
ForwardStartEvent("torch.nn.modules.conv.Conv2d", [TenserDef((64, 512, 7, 7), torch.float32)], {'weight': TenserDef((512, 512, 3, 3), torch.float32)})
ForwardEndEvent("torch.nn.modules.conv.Conv2d", [TenserDef((64, 512, 7, 7), torch.float32)], {'weight': TenserDef((512, 512, 3, 3), torch.float32)})
ForwardStartEvent("torch.nn.modules.batchnorm.BatchNorm2d", [TenserDef((64, 512, 7, 7), torch.float32)], {'weight': TenserDef((512,), torch.float32), 'bias': TenserDef((512,), torch.float32)})
ForwardEndEvent("torch.nn.modules.batchnorm.BatchNorm2d", [TenserDef((64, 512, 7, 7), torch.float32)], {'weight': TenserDef((512,), torch.float32), 'bias': TenserDef((512,), torch.float32)})
SpanStartEvent("torch.nn.modules.container.Sequential", 5028247680)
ForwardStartEvent("torch.nn.modules.container.Sequential", [TenserDef((64, 256, 14, 14), torch.float32)], {})
ForwardStartEvent("torch.nn.modules.conv.Conv2d", [TenserDef((64, 256, 14, 14), torch.float32)], {'weight': TenserDef((512, 256, 1, 1), torch.float32)})
ForwardEndEvent("torch.nn.modules.conv.Conv2d", [TenserDef((64, 512, 7, 7), torch.float32)], {'weight': TenserDef((512, 256, 1, 1), torch.float32)})
ForwardStartEvent("torch.nn.modules.batchnorm.BatchNorm2d", [TenserDef((64, 512, 7, 7), torch.float32)], {'weight': TenserDef((512,), torch.float32), 'bias': TenserDef((512,), torch.float32)})
ForwardEndEvent("torch.nn.modules.batchnorm.BatchNorm2d", [TenserDef((64, 512, 7, 7), torch.float32)], {'weight': TenserDef((512,), torch.float32), 'bias': TenserDef((512,), torch.float32)})
ForwardEndEvent("torch.nn.modules.container.Sequential", [TenserDef((64, 512, 7, 7), torch.float32)], {})
SpanEndEvent("torch.nn.modules.container.Sequential", 5028247680, 1.318084)
ForwardStartEvent("torch.nn.modules.activation.ReLU", [TenserDef((64, 512, 7, 7), torch.float32)], {})
ForwardEndEvent("torch.nn.modules.activation.ReLU", [TenserDef((64, 512, 7, 7), torch.float32)], {})
ForwardEndEvent("torchvision.models.resnet.BasicBlock", [TenserDef((64, 512, 7, 7), torch.float32)], {})
SpanEndEvent("torchvision.models.resnet.BasicBlock", 5028247728, 20.405959)
SpanStartEvent("torchvision.models.resnet.BasicBlock", 5028247968)
ForwardStartEvent("torchvision.models.resnet.BasicBlock", [TenserDef((64, 512, 7, 7), torch.float32)], {})
ForwardStartEvent("torch.nn.modules.conv.Conv2d", [TenserDef((64, 512, 7, 7), torch.float32)], {'weight': TenserDef((512, 512, 3, 3), torch.float32)})
ForwardEndEvent("torch.nn.modules.conv.Conv2d", [TenserDef((64, 512, 7, 7), torch.float32)], {'weight': TenserDef((512, 512, 3, 3), torch.float32)})
ForwardStartEvent("torch.nn.modules.batchnorm.BatchNorm2d", [TenserDef((64, 512, 7, 7), torch.float32)], {'weight': TenserDef((512,), torch.float32), 'bias': TenserDef((512,), torch.float32)})
ForwardEndEvent("torch.nn.modules.batchnorm.BatchNorm2d", [TenserDef((64, 512, 7, 7), torch.float32)], {'weight': TenserDef((512,), torch.float32), 'bias': TenserDef((512,), torch.float32)})
ForwardStartEvent("torch.nn.modules.activation.ReLU", [TenserDef((64, 512, 7, 7), torch.float32)], {})
ForwardEndEvent("torch.nn.modules.activation.ReLU", [TenserDef((64, 512, 7, 7), torch.float32)], {})
ForwardStartEvent("torch.nn.modules.conv.Conv2d", [TenserDef((64, 512, 7, 7), torch.float32)], {'weight': TenserDef((512, 512, 3, 3), torch.float32)})
ForwardEndEvent("torch.nn.modules.conv.Conv2d", [TenserDef((64, 512, 7, 7), torch.float32)], {'weight': TenserDef((512, 512, 3, 3), torch.float32)})
ForwardStartEvent("torch.nn.modules.batchnorm.BatchNorm2d", [TenserDef((64, 512, 7, 7), torch.float32)], {'weight': TenserDef((512,), torch.float32), 'bias': TenserDef((512,), torch.float32)})
ForwardEndEvent("torch.nn.modules.batchnorm.BatchNorm2d", [TenserDef((64, 512, 7, 7), torch.float32)], {'weight': TenserDef((512,), torch.float32), 'bias': TenserDef((512,), torch.float32)})
ForwardStartEvent("torch.nn.modules.activation.ReLU", [TenserDef((64, 512, 7, 7), torch.float32)], {})
ForwardEndEvent("torch.nn.modules.activation.ReLU", [TenserDef((64, 512, 7, 7), torch.float32)], {})
ForwardEndEvent("torchvision.models.resnet.BasicBlock", [TenserDef((64, 512, 7, 7), torch.float32)], {})
SpanEndEvent("torchvision.models.resnet.BasicBlock", 5028247968, 17.912333)
ForwardEndEvent("torch.nn.modules.container.Sequential", [TenserDef((64, 512, 7, 7), torch.float32)], {})
SpanEndEvent("torch.nn.modules.container.Sequential", 5028248064, 38.300666)
ForwardStartEvent("torch.nn.modules.pooling.AdaptiveAvgPool2d", [TenserDef((64, 512, 7, 7), torch.float32)], {})
ForwardEndEvent("torch.nn.modules.pooling.AdaptiveAvgPool2d", [TenserDef((64, 512, 1, 1), torch.float32)], {})
ForwardStartEvent("torch.nn.modules.linear.Linear", [TenserDef((64, 512), torch.float32)], {'weight': TenserDef((1000, 512), torch.float32), 'bias': TenserDef((1000,), torch.float32)})
ForwardEndEvent("torch.nn.modules.linear.Linear", [TenserDef((64, 1000), torch.float32)], {'weight': TenserDef((1000, 512), torch.float32), 'bias': TenserDef((1000,), torch.float32)})
ForwardEndEvent("torchvision.models.resnet.ResNet", [TenserDef((64, 1000), torch.float32)], {})
SpanEndEvent("torchvision.models.resnet.ResNet", 5027911376, 207.70791599999998)
SpanStartEvent("torchvision.models.resnet.ResNet", 5027911376)
BackwardStartEvent("torchvision.models.resnet.ResNet", [TenserDef((64, 1000), torch.float32)], {})
BackwardEndEvent("torchvision.models.resnet.ResNet", [TenserDef((64, 1000), torch.float32)], {})
SpanEndEvent("torchvision.models.resnet.ResNet", 5027911376, 0.002375)
SpanStartEvent("torchvision.models.resnet.BasicBlock", 5028247968)
BackwardStartEvent("torchvision.models.resnet.BasicBlock", [TenserDef((64, 512, 7, 7), torch.float32)], {})
BackwardEndEvent("torchvision.models.resnet.BasicBlock", [TenserDef((64, 512, 7, 7), torch.float32)], {})
SpanEndEvent("torchvision.models.resnet.BasicBlock", 5028247968, 47.117540999999996)
SpanStartEvent("torchvision.models.resnet.BasicBlock", 5028247728)
BackwardStartEvent("torchvision.models.resnet.BasicBlock", [TenserDef((64, 512, 7, 7), torch.float32)], {})
BackwardEndEvent("torchvision.models.resnet.BasicBlock", [TenserDef((64, 512, 7, 7), torch.float32)], {})
SpanEndEvent("torchvision.models.resnet.BasicBlock", 5028247728, 65.425583)
SpanStartEvent("torchvision.models.resnet.BasicBlock", 5028246432)
BackwardStartEvent("torchvision.models.resnet.BasicBlock", [TenserDef((64, 256, 14, 14), torch.float32)], {})
BackwardEndEvent("torchvision.models.resnet.BasicBlock", [TenserDef((64, 256, 14, 14), torch.float32)], {})
SpanEndEvent("torchvision.models.resnet.BasicBlock", 5028246432, 46.226209)
SpanStartEvent("torchvision.models.resnet.BasicBlock", 5028179920)
BackwardStartEvent("torchvision.models.resnet.BasicBlock", [TenserDef((64, 256, 14, 14), torch.float32)], {})
BackwardEndEvent("torchvision.models.resnet.BasicBlock", [TenserDef((64, 256, 14, 14), torch.float32)], {})
SpanEndEvent("torchvision.models.resnet.BasicBlock", 5028179920, 57.062042)
SpanStartEvent("torchvision.models.resnet.BasicBlock", 5028179248)
BackwardStartEvent("torchvision.models.resnet.BasicBlock", [TenserDef((64, 128, 28, 28), torch.float32)], {})
BackwardEndEvent("torchvision.models.resnet.BasicBlock", [TenserDef((64, 128, 28, 28), torch.float32)], {})
SpanEndEvent("torchvision.models.resnet.BasicBlock", 5028179248, 40.003416)
SpanStartEvent("torchvision.models.resnet.BasicBlock", 5028245568)
BackwardStartEvent("torchvision.models.resnet.BasicBlock", [TenserDef((64, 128, 28, 28), torch.float32)], {})
BackwardEndEvent("torchvision.models.resnet.BasicBlock", [TenserDef((64, 128, 28, 28), torch.float32)], {})
SpanEndEvent("torchvision.models.resnet.BasicBlock", 5028245568, 56.564083)
SpanStartEvent("torchvision.models.resnet.BasicBlock", 5028246480)
BackwardStartEvent("torchvision.models.resnet.BasicBlock", [TenserDef((64, 64, 56, 56), torch.float32)], {})
BackwardEndEvent("torchvision.models.resnet.BasicBlock", [TenserDef((64, 64, 56, 56), torch.float32)], {})
SpanEndEvent("torchvision.models.resnet.BasicBlock", 5028246480, 51.617084)
SpanStartEvent("torchvision.models.resnet.BasicBlock", 5028246576)
BackwardStartEvent("torchvision.models.resnet.BasicBlock", [TenserDef((64, 64, 56, 56), torch.float32)], {})
BackwardEndEvent("torchvision.models.resnet.BasicBlock", [TenserDef((64, 64, 56, 56), torch.float32)], {})
SpanEndEvent("torchvision.models.resnet.BasicBlock", 5028246576, 51.492292)
SpanStartEvent("torchvision.models.resnet.ResNet", 5027911376)
ForwardStartEvent("torchvision.models.resnet.ResNet", [TenserDef((64, 3, 224, 224), torch.float32)], {})
ForwardStartEvent("torch.nn.modules.conv.Conv2d", [TenserDef((64, 3, 224, 224), torch.float32)], {'weight': TenserDef((64, 3, 7, 7), torch.float32)})
ForwardEndEvent("torch.nn.modules.conv.Conv2d", [TenserDef((64, 64, 112, 112), torch.float32)], {'weight': TenserDef((64, 3, 7, 7), torch.float32)})
ForwardStartEvent("torch.nn.modules.batchnorm.BatchNorm2d", [TenserDef((64, 64, 112, 112), torch.float32)], {'weight': TenserDef((64,), torch.float32), 'bias': TenserDef((64,), torch.float32)})
ForwardEndEvent("torch.nn.modules.batchnorm.BatchNorm2d", [TenserDef((64, 64, 112, 112), torch.float32)], {'weight': TenserDef((64,), torch.float32), 'bias': TenserDef((64,), torch.float32)})
ForwardStartEvent("torch.nn.modules.activation.ReLU", [TenserDef((64, 64, 112, 112), torch.float32)], {})
ForwardEndEvent("torch.nn.modules.activation.ReLU", [TenserDef((64, 64, 112, 112), torch.float32)], {})
ForwardStartEvent("torch.nn.modules.pooling.MaxPool2d", [TenserDef((64, 64, 112, 112), torch.float32)], {})
ForwardEndEvent("torch.nn.modules.pooling.MaxPool2d", [TenserDef((64, 64, 56, 56), torch.float32)], {})
SpanStartEvent("torch.nn.modules.container.Sequential", 5028246096)
ForwardStartEvent("torch.nn.modules.container.Sequential", [TenserDef((64, 64, 56, 56), torch.float32)], {})
SpanStartEvent("torchvision.models.resnet.BasicBlock", 5028246576)
ForwardStartEvent("torchvision.models.resnet.BasicBlock", [TenserDef((64, 64, 56, 56), torch.float32)], {})
ForwardStartEvent("torch.nn.modules.conv.Conv2d", [TenserDef((64, 64, 56, 56), torch.float32)], {'weight': TenserDef((64, 64, 3, 3), torch.float32)})
ForwardEndEvent("torch.nn.modules.conv.Conv2d", [TenserDef((64, 64, 56, 56), torch.float32)], {'weight': TenserDef((64, 64, 3, 3), torch.float32)})
ForwardStartEvent("torch.nn.modules.batchnorm.BatchNorm2d", [TenserDef((64, 64, 56, 56), torch.float32)], {'weight': TenserDef((64,), torch.float32), 'bias': TenserDef((64,), torch.float32)})
ForwardEndEvent("torch.nn.modules.batchnorm.BatchNorm2d", [TenserDef((64, 64, 56, 56), torch.float32)], {'weight': TenserDef((64,), torch.float32), 'bias': TenserDef((64,), torch.float32)})
ForwardStartEvent("torch.nn.modules.activation.ReLU", [TenserDef((64, 64, 56, 56), torch.float32)], {})
ForwardEndEvent("torch.nn.modules.activation.ReLU", [TenserDef((64, 64, 56, 56), torch.float32)], {})
ForwardStartEvent("torch.nn.modules.conv.Conv2d", [TenserDef((64, 64, 56, 56), torch.float32)], {'weight': TenserDef((64, 64, 3, 3), torch.float32)})
ForwardEndEvent("torch.nn.modules.conv.Conv2d", [TenserDef((64, 64, 56, 56), torch.float32)], {'weight': TenserDef((64, 64, 3, 3), torch.float32)})
ForwardStartEvent("torch.nn.modules.batchnorm.BatchNorm2d", [TenserDef((64, 64, 56, 56), torch.float32)], {'weight': TenserDef((64,), torch.float32), 'bias': TenserDef((64,), torch.float32)})
ForwardEndEvent("torch.nn.modules.batchnorm.BatchNorm2d", [TenserDef((64, 64, 56, 56), torch.float32)], {'weight': TenserDef((64,), torch.float32), 'bias': TenserDef((64,), torch.float32)})
ForwardStartEvent("torch.nn.modules.activation.ReLU", [TenserDef((64, 64, 56, 56), torch.float32)], {})
ForwardEndEvent("torch.nn.modules.activation.ReLU", [TenserDef((64, 64, 56, 56), torch.float32)], {})
ForwardEndEvent("torchvision.models.resnet.BasicBlock", [TenserDef((64, 64, 56, 56), torch.float32)], {})
SpanEndEvent("torchvision.models.resnet.BasicBlock", 5028246576, 25.150125)
SpanStartEvent("torchvision.models.resnet.BasicBlock", 5028246480)
ForwardStartEvent("torchvision.models.resnet.BasicBlock", [TenserDef((64, 64, 56, 56), torch.float32)], {})
ForwardStartEvent("torch.nn.modules.conv.Conv2d", [TenserDef((64, 64, 56, 56), torch.float32)], {'weight': TenserDef((64, 64, 3, 3), torch.float32)})
ForwardEndEvent("torch.nn.modules.conv.Conv2d", [TenserDef((64, 64, 56, 56), torch.float32)], {'weight': TenserDef((64, 64, 3, 3), torch.float32)})
ForwardStartEvent("torch.nn.modules.batchnorm.BatchNorm2d", [TenserDef((64, 64, 56, 56), torch.float32)], {'weight': TenserDef((64,), torch.float32), 'bias': TenserDef((64,), torch.float32)})
ForwardEndEvent("torch.nn.modules.batchnorm.BatchNorm2d", [TenserDef((64, 64, 56, 56), torch.float32)], {'weight': TenserDef((64,), torch.float32), 'bias': TenserDef((64,), torch.float32)})
ForwardStartEvent("torch.nn.modules.activation.ReLU", [TenserDef((64, 64, 56, 56), torch.float32)], {})
ForwardEndEvent("torch.nn.modules.activation.ReLU", [TenserDef((64, 64, 56, 56), torch.float32)], {})
ForwardStartEvent("torch.nn.modules.conv.Conv2d", [TenserDef((64, 64, 56, 56), torch.float32)], {'weight': TenserDef((64, 64, 3, 3), torch.float32)})
ForwardEndEvent("torch.nn.modules.conv.Conv2d", [TenserDef((64, 64, 56, 56), torch.float32)], {'weight': TenserDef((64, 64, 3, 3), torch.float32)})
ForwardStartEvent("torch.nn.modules.batchnorm.BatchNorm2d", [TenserDef((64, 64, 56, 56), torch.float32)], {'weight': TenserDef((64,), torch.float32), 'bias': TenserDef((64,), torch.float32)})
ForwardEndEvent("torch.nn.modules.batchnorm.BatchNorm2d", [TenserDef((64, 64, 56, 56), torch.float32)], {'weight': TenserDef((64,), torch.float32), 'bias': TenserDef((64,), torch.float32)})
ForwardStartEvent("torch.nn.modules.activation.ReLU", [TenserDef((64, 64, 56, 56), torch.float32)], {})
ForwardEndEvent("torch.nn.modules.activation.ReLU", [TenserDef((64, 64, 56, 56), torch.float32)], {})
ForwardEndEvent("torchvision.models.resnet.BasicBlock", [TenserDef((64, 64, 56, 56), torch.float32)], {})
SpanEndEvent("torchvision.models.resnet.BasicBlock", 5028246480, 24.982083)
ForwardEndEvent("torch.nn.modules.container.Sequential", [TenserDef((64, 64, 56, 56), torch.float32)], {})
SpanEndEvent("torch.nn.modules.container.Sequential", 5028246096, 50.138290999999995)
SpanStartEvent("torch.nn.modules.container.Sequential", 5028179104)
ForwardStartEvent("torch.nn.modules.container.Sequential", [TenserDef((64, 64, 56, 56), torch.float32)], {})
SpanStartEvent("torchvision.models.resnet.BasicBlock", 5028245568)
ForwardStartEvent("torchvision.models.resnet.BasicBlock", [TenserDef((64, 64, 56, 56), torch.float32)], {})
ForwardStartEvent("torch.nn.modules.conv.Conv2d", [TenserDef((64, 64, 56, 56), torch.float32)], {'weight': TenserDef((128, 64, 3, 3), torch.float32)})
ForwardEndEvent("torch.nn.modules.conv.Conv2d", [TenserDef((64, 128, 28, 28), torch.float32)], {'weight': TenserDef((128, 64, 3, 3), torch.float32)})
ForwardStartEvent("torch.nn.modules.batchnorm.BatchNorm2d", [TenserDef((64, 128, 28, 28), torch.float32)], {'weight': TenserDef((128,), torch.float32), 'bias': TenserDef((128,), torch.float32)})
ForwardEndEvent("torch.nn.modules.batchnorm.BatchNorm2d", [TenserDef((64, 128, 28, 28), torch.float32)], {'weight': TenserDef((128,), torch.float32), 'bias': TenserDef((128,), torch.float32)})
ForwardStartEvent("torch.nn.modules.activation.ReLU", [TenserDef((64, 128, 28, 28), torch.float32)], {})
ForwardEndEvent("torch.nn.modules.activation.ReLU", [TenserDef((64, 128, 28, 28), torch.float32)], {})
ForwardStartEvent("torch.nn.modules.conv.Conv2d", [TenserDef((64, 128, 28, 28), torch.float32)], {'weight': TenserDef((128, 128, 3, 3), torch.float32)})
ForwardEndEvent("torch.nn.modules.conv.Conv2d", [TenserDef((64, 128, 28, 28), torch.float32)], {'weight': TenserDef((128, 128, 3, 3), torch.float32)})
ForwardStartEvent("torch.nn.modules.batchnorm.BatchNorm2d", [TenserDef((64, 128, 28, 28), torch.float32)], {'weight': TenserDef((128,), torch.float32), 'bias': TenserDef((128,), torch.float32)})
ForwardEndEvent("torch.nn.modules.batchnorm.BatchNorm2d", [TenserDef((64, 128, 28, 28), torch.float32)], {'weight': TenserDef((128,), torch.float32), 'bias': TenserDef((128,), torch.float32)})
SpanStartEvent("torch.nn.modules.container.Sequential", 5028245952)
ForwardStartEvent("torch.nn.modules.container.Sequential", [TenserDef((64, 64, 56, 56), torch.float32)], {})
ForwardStartEvent("torch.nn.modules.conv.Conv2d", [TenserDef((64, 64, 56, 56), torch.float32)], {'weight': TenserDef((128, 64, 1, 1), torch.float32)})
ForwardEndEvent("torch.nn.modules.conv.Conv2d", [TenserDef((64, 128, 28, 28), torch.float32)], {'weight': TenserDef((128, 64, 1, 1), torch.float32)})
ForwardStartEvent("torch.nn.modules.batchnorm.BatchNorm2d", [TenserDef((64, 128, 28, 28), torch.float32)], {'weight': TenserDef((128,), torch.float32), 'bias': TenserDef((128,), torch.float32)})
ForwardEndEvent("torch.nn.modules.batchnorm.BatchNorm2d", [TenserDef((64, 128, 28, 28), torch.float32)], {'weight': TenserDef((128,), torch.float32), 'bias': TenserDef((128,), torch.float32)})
ForwardEndEvent("torch.nn.modules.container.Sequential", [TenserDef((64, 128, 28, 28), torch.float32)], {})
SpanEndEvent("torch.nn.modules.container.Sequential", 5028245952, 2.746791)
ForwardStartEvent("torch.nn.modules.activation.ReLU", [TenserDef((64, 128, 28, 28), torch.float32)], {})
ForwardEndEvent("torch.nn.modules.activation.ReLU", [TenserDef((64, 128, 28, 28), torch.float32)], {})
ForwardEndEvent("torchvision.models.resnet.BasicBlock", [TenserDef((64, 128, 28, 28), torch.float32)], {})
SpanEndEvent("torchvision.models.resnet.BasicBlock", 5028245568, 20.068125)
SpanStartEvent("torchvision.models.resnet.BasicBlock", 5028179248)
ForwardStartEvent("torchvision.models.resnet.BasicBlock", [TenserDef((64, 128, 28, 28), torch.float32)], {})
ForwardStartEvent("torch.nn.modules.conv.Conv2d", [TenserDef((64, 128, 28, 28), torch.float32)], {'weight': TenserDef((128, 128, 3, 3), torch.float32)})
ForwardEndEvent("torch.nn.modules.conv.Conv2d", [TenserDef((64, 128, 28, 28), torch.float32)], {'weight': TenserDef((128, 128, 3, 3), torch.float32)})
ForwardStartEvent("torch.nn.modules.batchnorm.BatchNorm2d", [TenserDef((64, 128, 28, 28), torch.float32)], {'weight': TenserDef((128,), torch.float32), 'bias': TenserDef((128,), torch.float32)})
ForwardEndEvent("torch.nn.modules.batchnorm.BatchNorm2d", [TenserDef((64, 128, 28, 28), torch.float32)], {'weight': TenserDef((128,), torch.float32), 'bias': TenserDef((128,), torch.float32)})
ForwardStartEvent("torch.nn.modules.activation.ReLU", [TenserDef((64, 128, 28, 28), torch.float32)], {})
ForwardEndEvent("torch.nn.modules.activation.ReLU", [TenserDef((64, 128, 28, 28), torch.float32)], {})
ForwardStartEvent("torch.nn.modules.conv.Conv2d", [TenserDef((64, 128, 28, 28), torch.float32)], {'weight': TenserDef((128, 128, 3, 3), torch.float32)})
ForwardEndEvent("torch.nn.modules.conv.Conv2d", [TenserDef((64, 128, 28, 28), torch.float32)], {'weight': TenserDef((128, 128, 3, 3), torch.float32)})
ForwardStartEvent("torch.nn.modules.batchnorm.BatchNorm2d", [TenserDef((64, 128, 28, 28), torch.float32)], {'weight': TenserDef((128,), torch.float32), 'bias': TenserDef((128,), torch.float32)})
ForwardEndEvent("torch.nn.modules.batchnorm.BatchNorm2d", [TenserDef((64, 128, 28, 28), torch.float32)], {'weight': TenserDef((128,), torch.float32), 'bias': TenserDef((128,), torch.float32)})
ForwardStartEvent("torch.nn.modules.activation.ReLU", [TenserDef((64, 128, 28, 28), torch.float32)], {})
ForwardEndEvent("torch.nn.modules.activation.ReLU", [TenserDef((64, 128, 28, 28), torch.float32)], {})
ForwardEndEvent("torchvision.models.resnet.BasicBlock", [TenserDef((64, 128, 28, 28), torch.float32)], {})
SpanEndEvent("torchvision.models.resnet.BasicBlock", 5028179248, 18.071666999999998)
ForwardEndEvent("torch.nn.modules.container.Sequential", [TenserDef((64, 128, 28, 28), torch.float32)], {})
SpanEndEvent("torch.nn.modules.container.Sequential", 5028179104, 38.126083)
SpanStartEvent("torch.nn.modules.container.Sequential", 5028247296)
ForwardStartEvent("torch.nn.modules.container.Sequential", [TenserDef((64, 128, 28, 28), torch.float32)], {})
SpanStartEvent("torchvision.models.resnet.BasicBlock", 5028179920)
ForwardStartEvent("torchvision.models.resnet.BasicBlock", [TenserDef((64, 128, 28, 28), torch.float32)], {})
ForwardStartEvent("torch.nn.modules.conv.Conv2d", [TenserDef((64, 128, 28, 28), torch.float32)], {'weight': TenserDef((256, 128, 3, 3), torch.float32)})
ForwardEndEvent("torch.nn.modules.conv.Conv2d", [TenserDef((64, 256, 14, 14), torch.float32)], {'weight': TenserDef((256, 128, 3, 3), torch.float32)})
ForwardStartEvent("torch.nn.modules.batchnorm.BatchNorm2d", [TenserDef((64, 256, 14, 14), torch.float32)], {'weight': TenserDef((256,), torch.float32), 'bias': TenserDef((256,), torch.float32)})
ForwardEndEvent("torch.nn.modules.batchnorm.BatchNorm2d", [TenserDef((64, 256, 14, 14), torch.float32)], {'weight': TenserDef((256,), torch.float32), 'bias': TenserDef((256,), torch.float32)})
ForwardStartEvent("torch.nn.modules.activation.ReLU", [TenserDef((64, 256, 14, 14), torch.float32)], {})
ForwardEndEvent("torch.nn.modules.activation.ReLU", [TenserDef((64, 256, 14, 14), torch.float32)], {})
ForwardStartEvent("torch.nn.modules.conv.Conv2d", [TenserDef((64, 256, 14, 14), torch.float32)], {'weight': TenserDef((256, 256, 3, 3), torch.float32)})
ForwardEndEvent("torch.nn.modules.conv.Conv2d", [TenserDef((64, 256, 14, 14), torch.float32)], {'weight': TenserDef((256, 256, 3, 3), torch.float32)})
ForwardStartEvent("torch.nn.modules.batchnorm.BatchNorm2d", [TenserDef((64, 256, 14, 14), torch.float32)], {'weight': TenserDef((256,), torch.float32), 'bias': TenserDef((256,), torch.float32)})
ForwardEndEvent("torch.nn.modules.batchnorm.BatchNorm2d", [TenserDef((64, 256, 14, 14), torch.float32)], {'weight': TenserDef((256,), torch.float32), 'bias': TenserDef((256,), torch.float32)})
SpanStartEvent("torch.nn.modules.container.Sequential", 5028179872)
ForwardStartEvent("torch.nn.modules.container.Sequential", [TenserDef((64, 128, 28, 28), torch.float32)], {})
ForwardStartEvent("torch.nn.modules.conv.Conv2d", [TenserDef((64, 128, 28, 28), torch.float32)], {'weight': TenserDef((256, 128, 1, 1), torch.float32)})
ForwardEndEvent("torch.nn.modules.conv.Conv2d", [TenserDef((64, 256, 14, 14), torch.float32)], {'weight': TenserDef((256, 128, 1, 1), torch.float32)})
ForwardStartEvent("torch.nn.modules.batchnorm.BatchNorm2d", [TenserDef((64, 256, 14, 14), torch.float32)], {'weight': TenserDef((256,), torch.float32), 'bias': TenserDef((256,), torch.float32)})
ForwardEndEvent("torch.nn.modules.batchnorm.BatchNorm2d", [TenserDef((64, 256, 14, 14), torch.float32)], {'weight': TenserDef((256,), torch.float32), 'bias': TenserDef((256,), torch.float32)})
ForwardEndEvent("torch.nn.modules.container.Sequential", [TenserDef((64, 256, 14, 14), torch.float32)], {})
SpanEndEvent("torch.nn.modules.container.Sequential", 5028179872, 1.64675)
ForwardStartEvent("torch.nn.modules.activation.ReLU", [TenserDef((64, 256, 14, 14), torch.float32)], {})
ForwardEndEvent("torch.nn.modules.activation.ReLU", [TenserDef((64, 256, 14, 14), torch.float32)], {})
ForwardEndEvent("torchvision.models.resnet.BasicBlock", [TenserDef((64, 256, 14, 14), torch.float32)], {})
SpanEndEvent("torchvision.models.resnet.BasicBlock", 5028179920, 17.740624999999998)
SpanStartEvent("torchvision.models.resnet.BasicBlock", 5028246432)
ForwardStartEvent("torchvision.models.resnet.BasicBlock", [TenserDef((64, 256, 14, 14), torch.float32)], {})
ForwardStartEvent("torch.nn.modules.conv.Conv2d", [TenserDef((64, 256, 14, 14), torch.float32)], {'weight': TenserDef((256, 256, 3, 3), torch.float32)})
ForwardEndEvent("torch.nn.modules.conv.Conv2d", [TenserDef((64, 256, 14, 14), torch.float32)], {'weight': TenserDef((256, 256, 3, 3), torch.float32)})
ForwardStartEvent("torch.nn.modules.batchnorm.BatchNorm2d", [TenserDef((64, 256, 14, 14), torch.float32)], {'weight': TenserDef((256,), torch.float32), 'bias': TenserDef((256,), torch.float32)})
ForwardEndEvent("torch.nn.modules.batchnorm.BatchNorm2d", [TenserDef((64, 256, 14, 14), torch.float32)], {'weight': TenserDef((256,), torch.float32), 'bias': TenserDef((256,), torch.float32)})
ForwardStartEvent("torch.nn.modules.activation.ReLU", [TenserDef((64, 256, 14, 14), torch.float32)], {})
ForwardEndEvent("torch.nn.modules.activation.ReLU", [TenserDef((64, 256, 14, 14), torch.float32)], {})
ForwardStartEvent("torch.nn.modules.conv.Conv2d", [TenserDef((64, 256, 14, 14), torch.float32)], {'weight': TenserDef((256, 256, 3, 3), torch.float32)})
ForwardEndEvent("torch.nn.modules.conv.Conv2d", [TenserDef((64, 256, 14, 14), torch.float32)], {'weight': TenserDef((256, 256, 3, 3), torch.float32)})
ForwardStartEvent("torch.nn.modules.batchnorm.BatchNorm2d", [TenserDef((64, 256, 14, 14), torch.float32)], {'weight': TenserDef((256,), torch.float32), 'bias': TenserDef((256,), torch.float32)})
ForwardEndEvent("torch.nn.modules.batchnorm.BatchNorm2d", [TenserDef((64, 256, 14, 14), torch.float32)], {'weight': TenserDef((256,), torch.float32), 'bias': TenserDef((256,), torch.float32)})
ForwardStartEvent("torch.nn.modules.activation.ReLU", [TenserDef((64, 256, 14, 14), torch.float32)], {})
ForwardEndEvent("torch.nn.modules.activation.ReLU", [TenserDef((64, 256, 14, 14), torch.float32)], {})
ForwardEndEvent("torchvision.models.resnet.BasicBlock", [TenserDef((64, 256, 14, 14), torch.float32)], {})
SpanEndEvent("torchvision.models.resnet.BasicBlock", 5028246432, 16.301040999999998)
ForwardEndEvent("torch.nn.modules.container.Sequential", [TenserDef((64, 256, 14, 14), torch.float32)], {})
SpanEndEvent("torch.nn.modules.container.Sequential", 5028247296, 34.021833)
SpanStartEvent("torch.nn.modules.container.Sequential", 5028248064)
ForwardStartEvent("torch.nn.modules.container.Sequential", [TenserDef((64, 256, 14, 14), torch.float32)], {})
SpanStartEvent("torchvision.models.resnet.BasicBlock", 5028247728)
ForwardStartEvent("torchvision.models.resnet.BasicBlock", [TenserDef((64, 256, 14, 14), torch.float32)], {})
ForwardStartEvent("torch.nn.modules.conv.Conv2d", [TenserDef((64, 256, 14, 14), torch.float32)], {'weight': TenserDef((512, 256, 3, 3), torch.float32)})
ForwardEndEvent("torch.nn.modules.conv.Conv2d", [TenserDef((64, 512, 7, 7), torch.float32)], {'weight': TenserDef((512, 256, 3, 3), torch.float32)})
ForwardStartEvent("torch.nn.modules.batchnorm.BatchNorm2d", [TenserDef((64, 512, 7, 7), torch.float32)], {'weight': TenserDef((512,), torch.float32), 'bias': TenserDef((512,), torch.float32)})
ForwardEndEvent("torch.nn.modules.batchnorm.BatchNorm2d", [TenserDef((64, 512, 7, 7), torch.float32)], {'weight': TenserDef((512,), torch.float32), 'bias': TenserDef((512,), torch.float32)})
ForwardStartEvent("torch.nn.modules.activation.ReLU", [TenserDef((64, 512, 7, 7), torch.float32)], {})
ForwardEndEvent("torch.nn.modules.activation.ReLU", [TenserDef((64, 512, 7, 7), torch.float32)], {})
ForwardStartEvent("torch.nn.modules.conv.Conv2d", [TenserDef((64, 512, 7, 7), torch.float32)], {'weight': TenserDef((512, 512, 3, 3), torch.float32)})
ForwardEndEvent("torch.nn.modules.conv.Conv2d", [TenserDef((64, 512, 7, 7), torch.float32)], {'weight': TenserDef((512, 512, 3, 3), torch.float32)})
ForwardStartEvent("torch.nn.modules.batchnorm.BatchNorm2d", [TenserDef((64, 512, 7, 7), torch.float32)], {'weight': TenserDef((512,), torch.float32), 'bias': TenserDef((512,), torch.float32)})
ForwardEndEvent("torch.nn.modules.batchnorm.BatchNorm2d", [TenserDef((64, 512, 7, 7), torch.float32)], {'weight': TenserDef((512,), torch.float32), 'bias': TenserDef((512,), torch.float32)})
SpanStartEvent("torch.nn.modules.container.Sequential", 5028247680)
ForwardStartEvent("torch.nn.modules.container.Sequential", [TenserDef((64, 256, 14, 14), torch.float32)], {})
ForwardStartEvent("torch.nn.modules.conv.Conv2d", [TenserDef((64, 256, 14, 14), torch.float32)], {'weight': TenserDef((512, 256, 1, 1), torch.float32)})
ForwardEndEvent("torch.nn.modules.conv.Conv2d", [TenserDef((64, 512, 7, 7), torch.float32)], {'weight': TenserDef((512, 256, 1, 1), torch.float32)})
ForwardStartEvent("torch.nn.modules.batchnorm.BatchNorm2d", [TenserDef((64, 512, 7, 7), torch.float32)], {'weight': TenserDef((512,), torch.float32), 'bias': TenserDef((512,), torch.float32)})
ForwardEndEvent("torch.nn.modules.batchnorm.BatchNorm2d", [TenserDef((64, 512, 7, 7), torch.float32)], {'weight': TenserDef((512,), torch.float32), 'bias': TenserDef((512,), torch.float32)})
ForwardEndEvent("torch.nn.modules.container.Sequential", [TenserDef((64, 512, 7, 7), torch.float32)], {})
SpanEndEvent("torch.nn.modules.container.Sequential", 5028247680, 1.2738749999999999)
ForwardStartEvent("torch.nn.modules.activation.ReLU", [TenserDef((64, 512, 7, 7), torch.float32)], {})
ForwardEndEvent("torch.nn.modules.activation.ReLU", [TenserDef((64, 512, 7, 7), torch.float32)], {})
ForwardEndEvent("torchvision.models.resnet.BasicBlock", [TenserDef((64, 512, 7, 7), torch.float32)], {})
SpanEndEvent("torchvision.models.resnet.BasicBlock", 5028247728, 19.952875)
SpanStartEvent("torchvision.models.resnet.BasicBlock", 5028247968)
ForwardStartEvent("torchvision.models.resnet.BasicBlock", [TenserDef((64, 512, 7, 7), torch.float32)], {})
ForwardStartEvent("torch.nn.modules.conv.Conv2d", [TenserDef((64, 512, 7, 7), torch.float32)], {'weight': TenserDef((512, 512, 3, 3), torch.float32)})
ForwardEndEvent("torch.nn.modules.conv.Conv2d", [TenserDef((64, 512, 7, 7), torch.float32)], {'weight': TenserDef((512, 512, 3, 3), torch.float32)})
ForwardStartEvent("torch.nn.modules.batchnorm.BatchNorm2d", [TenserDef((64, 512, 7, 7), torch.float32)], {'weight': TenserDef((512,), torch.float32), 'bias': TenserDef((512,), torch.float32)})
ForwardEndEvent("torch.nn.modules.batchnorm.BatchNorm2d", [TenserDef((64, 512, 7, 7), torch.float32)], {'weight': TenserDef((512,), torch.float32), 'bias': TenserDef((512,), torch.float32)})
ForwardStartEvent("torch.nn.modules.activation.ReLU", [TenserDef((64, 512, 7, 7), torch.float32)], {})
ForwardEndEvent("torch.nn.modules.activation.ReLU", [TenserDef((64, 512, 7, 7), torch.float32)], {})
ForwardStartEvent("torch.nn.modules.conv.Conv2d", [TenserDef((64, 512, 7, 7), torch.float32)], {'weight': TenserDef((512, 512, 3, 3), torch.float32)})
ForwardEndEvent("torch.nn.modules.conv.Conv2d", [TenserDef((64, 512, 7, 7), torch.float32)], {'weight': TenserDef((512, 512, 3, 3), torch.float32)})
ForwardStartEvent("torch.nn.modules.batchnorm.BatchNorm2d", [TenserDef((64, 512, 7, 7), torch.float32)], {'weight': TenserDef((512,), torch.float32), 'bias': TenserDef((512,), torch.float32)})
ForwardEndEvent("torch.nn.modules.batchnorm.BatchNorm2d", [TenserDef((64, 512, 7, 7), torch.float32)], {'weight': TenserDef((512,), torch.float32), 'bias': TenserDef((512,), torch.float32)})
ForwardStartEvent("torch.nn.modules.activation.ReLU", [TenserDef((64, 512, 7, 7), torch.float32)], {})
ForwardEndEvent("torch.nn.modules.activation.ReLU", [TenserDef((64, 512, 7, 7), torch.float32)], {})
ForwardEndEvent("torchvision.models.resnet.BasicBlock", [TenserDef((64, 512, 7, 7), torch.float32)], {})
SpanEndEvent("torchvision.models.resnet.BasicBlock", 5028247968, 18.272541999999998)
ForwardEndEvent("torch.nn.modules.container.Sequential", [TenserDef((64, 512, 7, 7), torch.float32)], {})
SpanEndEvent("torch.nn.modules.container.Sequential", 5028248064, 38.236291)
ForwardStartEvent("torch.nn.modules.pooling.AdaptiveAvgPool2d", [TenserDef((64, 512, 7, 7), torch.float32)], {})
ForwardEndEvent("torch.nn.modules.pooling.AdaptiveAvgPool2d", [TenserDef((64, 512, 1, 1), torch.float32)], {})
ForwardStartEvent("torch.nn.modules.linear.Linear", [TenserDef((64, 512), torch.float32)], {'weight': TenserDef((1000, 512), torch.float32), 'bias': TenserDef((1000,), torch.float32)})
ForwardEndEvent("torch.nn.modules.linear.Linear", [TenserDef((64, 1000), torch.float32)], {'weight': TenserDef((1000, 512), torch.float32), 'bias': TenserDef((1000,), torch.float32)})
ForwardEndEvent("torchvision.models.resnet.ResNet", [TenserDef((64, 1000), torch.float32)], {})
SpanEndEvent("torchvision.models.resnet.ResNet", 5027911376, 206.937375)
SpanStartEvent("torchvision.models.resnet.ResNet", 5027911376)
BackwardStartEvent("torchvision.models.resnet.ResNet", [TenserDef((64, 1000), torch.float32)], {})
BackwardEndEvent("torchvision.models.resnet.ResNet", [TenserDef((64, 1000), torch.float32)], {})
SpanEndEvent("torchvision.models.resnet.ResNet", 5027911376, 0.0075829999999999995)
SpanStartEvent("torchvision.models.resnet.BasicBlock", 5028247968)
BackwardStartEvent("torchvision.models.resnet.BasicBlock", [TenserDef((64, 512, 7, 7), torch.float32)], {})
BackwardEndEvent("torchvision.models.resnet.BasicBlock", [TenserDef((64, 512, 7, 7), torch.float32)], {})
